AGE,GENDER,MARITAL_STATUS,GROSS_ANNUAL_INCOME,EDUCATION,OCCUPATION,CASH,EQUITY,INSURANCE,FIXED_DEPOSIT,GOLD,MUTUAL_FUNDS,BEH,RP1,RP2,RP3,RA1,RA2,RA3,FQPB,PBC1,PBC2,PBC3,PBC4,GOAL,BI1,BI2,RA_total,RP_total,PBC_total,BI_total,GOAL_scaled,RA_total_scaled,RP_total_scaled,PBC_total_scaled,BI_total_scaled,FQPB_scaled,GENDER_encoded,EDUCATION_encoded,OCCUPATION_encoded,MARITAL_STATUS_encoded
3,2,2,5,4,2,4,6,3,2,1,5,5,7,7,7,5,3,6,1,1,2,5,5,138,1,2,14,21,13,3,-0.8521973915624235,0.24668186441500492,2.448515507929819,-2.1499504963875173,-2.6984311496883833,-2.105774503459621,1,3,1,1
3,2,1,5,4,2,5,4,4,3,6,3,3,6,3,7,2,3,1,6,2,6,4,5,614,5,5,6,16,17,10,0.8627246560540197,-1.507039625459737,1.401273789169138,-1.2714872653110432,-0.29323709965006184,0.5611195533170845,1,3,1,0
4,2,1,5,4,2,1,4,3,4,5,1,1,2,2,5,6,5,5,6,7,7,7,7,741,7,7,16,9,28,14,1.3202773872458018,0.6851122368836904,-0.0648646170958153,1.1442866201492612,1.0811595003718362,0.5611195533170845,1,3,1,0
3,2,2,6,4,2,3,1,4,3,2,2,2,7,6,7,2,3,2,5,5,6,6,6,2,7,6,7,20,23,13,-1.3421751194528357,-1.2878244392253941,2.239067164177683,0.04620758130366836,0.7375603503663616,0.02774074196174343,1,3,1,1
4,2,2,6,4,2,6,5,3,1,6,2,2,2,2,3,5,3,5,5,5,6,6,6,61,7,7,13,7,23,14,-1.1296112522062598,0.0274666781806622,-0.4837613046000877,0.04620758130366836,1.0811595003718362,0.02774074196174343,1,3,1,1
3,1,2,3,4,2,4,6,6,4,6,6,6,5,5,4,6,7,6,1,4,4,3,3,571,5,5,19,14,14,10,0.7078052273827864,1.3427577955867187,0.9823771016648657,-1.930334688618399,-0.29323709965006184,-2.105774503459621,0,3,1,1
3,2,2,6,4,2,6,5,4,3,2,6,6,5,3,2,6,2,2,7,3,4,3,3,581,7,7,10,10,13,14,0.7438330014923756,-0.630178880522366,0.14458372665632088,-2.1499504963875173,1.0811595003718362,1.0944983646724256,1,3,1,1
3,1,2,6,4,2,6,6,3,2,1,1,1,5,3,2,3,6,3,6,7,7,7,7,128,7,7,12,10,28,14,-0.8882251656720126,-0.19174850805368054,0.14458372665632088,1.1442866201492612,1.0811595003718362,0.5611195533170845,0,3,1,1
3,2,2,5,4,2,4,6,3,5,6,1,1,2,2,3,3,2,3,1,6,6,7,7,73,7,7,8,7,26,14,-1.0863779232747528,-1.0686092529910514,-0.4837613046000877,0.7050550046110241,1.0811595003718362,-2.105774503459621,1,3,1,1
4,2,2,6,4,2,5,5,2,2,6,1,1,2,1,2,6,2,3,7,7,7,7,7,451,7,7,11,5,28,14,0.27547193806771675,-0.41096369428802326,-0.90265799210436,1.1442866201492612,1.0811595003718362,1.0944983646724256,1,3,1,1
3,2,2,5,4,2,2,6,3,1,3,6,6,4,3,4,6,5,6,6,3,5,4,4,421,5,5,17,11,16,10,0.1673886157389493,0.9043274231180332,0.3540320704084571,-1.4911030730801618,-0.29323709965006184,0.5611195533170845,1,3,1,1
4,2,2,5,4,2,6,2,4,5,5,1,1,3,3,3,5,5,4,7,6,6,6,6,275,7,6,14,9,24,13,-0.3586168862610522,0.24668186441500492,-0.0648646170958153,0.26582338907278696,0.7375603503663616,1.0944983646724256,1,3,1,1
4,2,2,6,4,2,4,1,5,2,1,1,1,3,3,3,6,7,5,7,6,6,6,6,812,7,7,18,9,24,14,1.5760745834238847,1.123542609352376,-0.0648646170958153,0.26582338907278696,1.0811595003718362,1.0944983646724256,1,3,1,1
4,2,2,6,4,2,2,1,5,6,5,2,2,7,2,2,5,1,2,7,7,7,7,7,128,7,1,8,11,28,8,-0.8882251656720126,-1.0686092529910514,0.3540320704084571,1.1442866201492612,-0.9804353996610108,1.0944983646724256,1,3,1,1
3,2,2,6,4,2,4,6,2,3,1,3,3,3,4,6,7,2,6,5,6,7,7,7,1,6,6,15,13,27,12,-1.3457778968637948,0.46589705064934767,0.7729287579127294,0.9246708123801427,0.3939612003608871,0.02774074196174343,1,3,1,1
4,2,2,6,4,2,6,6,6,1,4,6,6,2,2,5,1,5,1,1,5,5,7,7,1,5,4,7,9,24,9,-1.3457778968637948,-1.2878244392253941,-0.0648646170958153,0.26582338907278696,-0.6368362496555363,-2.105774503459621,1,3,1,1
4,2,2,5,4,2,6,6,3,2,6,1,1,6,1,3,2,7,3,7,5,7,7,6,142,7,7,12,10,25,14,-0.8377862819185878,-0.19174850805368054,0.14458372665632088,0.4854391968419055,1.0811595003718362,1.0944983646724256,1,3,1,1
4,1,2,6,4,2,2,4,4,1,1,3,3,5,3,5,5,3,5,1,6,6,4,6,184,7,6,13,13,22,13,-0.6864696306583133,0.0274666781806622,0.7729287579127294,-0.17340822646545023,0.7375603503663616,-2.105774503459621,0,3,1,1
3,1,2,6,4,3,6,6,1,2,1,1,1,2,3,2,2,2,7,7,7,7,7,7,148,7,7,11,7,28,14,-0.8161696174528343,-0.41096369428802326,-0.4837613046000877,1.1442866201492612,1.0811595003718362,1.0944983646724256,0,3,2,1
5,2,2,6,3,3,2,5,2,2,2,2,2,3,4,5,6,6,5,5,5,6,6,5,417,6,6,17,12,22,12,0.15297750609511365,0.9043274231180332,0.5634804141605932,-0.17340822646545023,0.3939612003608871,0.02774074196174343,1,2,2,1
3,2,2,6,4,2,4,6,3,6,1,3,3,6,6,6,6,5,5,4,2,5,5,5,821,3,3,16,18,17,6,1.608499580122515,0.6851122368836904,1.8201704766734104,-1.2714872653110432,-1.6676336996719598,-0.5056380693935977,1,3,1,1
3,2,1,5,4,2,4,3,6,2,1,5,5,4,4,6,2,2,6,4,5,6,6,5,821,6,6,10,14,22,12,1.608499580122515,-0.630178880522366,0.9823771016648657,-0.17340822646545023,0.3939612003608871,-0.5056380693935977,1,3,1,0
4,2,2,6,4,2,6,3,4,4,4,1,1,3,2,2,3,5,3,6,7,7,6,7,521,6,7,11,7,27,13,0.5276663568348408,-0.41096369428802326,-0.4837613046000877,0.9246708123801427,0.7375603503663616,0.5611195533170845,1,3,1,1
4,2,2,6,4,2,6,3,4,3,4,4,4,2,2,2,2,5,2,4,6,6,6,6,417,7,6,9,6,24,13,0.15297750609511365,-0.8493940667567087,-0.6932096483522239,0.26582338907278696,0.7375603503663616,-0.5056380693935977,1,3,1,1
3,2,2,6,4,2,5,2,6,4,1,3,3,5,1,5,2,6,2,6,6,7,7,6,821,6,6,10,11,26,12,1.608499580122515,-0.630178880522366,0.3540320704084571,0.7050550046110241,0.3939612003608871,0.5611195533170845,1,3,1,1
3,2,2,6,4,2,3,2,4,3,2,1,1,1,3,1,3,3,1,7,4,5,6,6,215,7,7,7,5,21,14,-0.574783530918587,-1.2878244392253941,-0.90265799210436,-0.39302403423456883,1.0811595003718362,1.0944983646724256,1,3,1,1
3,1,2,6,4,2,2,6,3,1,2,6,6,5,5,5,6,6,6,1,5,5,5,5,752,5,5,18,15,20,10,1.35990793876635,1.123542609352376,1.1918254454170019,-0.6126398420036874,-0.29323709965006184,-2.105774503459621,0,3,1,1
4,2,2,2,4,2,3,1,6,2,6,1,1,4,4,5,5,5,5,7,4,4,4,5,147,6,6,15,13,17,12,-0.8197723948637932,0.46589705064934767,0.7729287579127294,-1.2714872653110432,0.3939612003608871,1.0944983646724256,1,3,1,1
4,2,2,6,4,2,5,1,6,4,3,2,2,2,4,2,2,2,2,7,5,6,6,7,572,5,5,6,8,24,10,0.7114080047937453,-1.507039625459737,-0.2743129608479515,0.26582338907278696,-0.29323709965006184,1.0944983646724256,1,3,1,1
4,1,2,6,4,3,6,3,3,4,2,2,2,2,2,2,3,2,2,7,6,7,7,6,315,7,7,7,6,26,14,-0.2145057898226956,-1.2878244392253941,-0.6932096483522239,0.7050550046110241,1.0811595003718362,1.0944983646724256,0,3,2,1
4,2,2,5,4,2,3,2,2,3,3,1,1,3,3,3,5,5,3,6,5,6,6,6,174,7,6,13,9,23,13,-0.7224974047679026,0.0274666781806622,-0.0648646170958153,0.04620758130366836,0.7375603503663616,0.5611195533170845,1,3,1,1
5,2,2,6,4,2,4,2,4,1,2,3,3,4,5,5,2,6,2,4,5,5,5,6,1,6,6,10,14,21,12,-1.3457778968637948,-0.630178880522366,0.9823771016648657,-0.39302403423456883,0.3939612003608871,-0.5056380693935977,1,3,1,1
3,2,2,5,4,2,6,1,6,1,6,6,6,5,5,4,5,7,5,1,6,5,6,5,173,5,4,17,14,22,9,-0.7261001821788614,0.9043274231180332,0.9823771016648657,-0.17340822646545023,-0.6368362496555363,-2.105774503459621,1,3,1,1
3,2,2,3,4,2,2,1,2,2,2,6,6,2,3,6,4,5,3,2,6,2,6,5,371,2,3,12,11,19,5,-0.012750254808996414,-0.19174850805368054,0.3540320704084571,-0.832255649772806,-2.0112328496774343,-1.5723956921042799,1,3,1,1
4,2,2,5,4,2,6,4,3,4,1,4,4,3,5,3,6,7,7,5,2,5,4,2,215,6,5,20,11,13,11,-0.574783530918587,1.5619729818210613,0.3540320704084571,-2.1499504963875173,0.050362050355412635,0.02774074196174343,1,3,1,1
3,2,2,4,4,2,6,3,3,3,6,3,3,3,4,5,5,5,5,4,5,5,4,5,713,4,4,15,12,19,8,1.2193996197389523,0.46589705064934767,0.5634804141605932,-0.832255649772806,-0.9804353996610108,-0.5056380693935977,1,3,1,1
4,2,2,6,4,2,5,2,2,3,2,5,5,3,4,5,5,3,5,1,5,7,7,4,1,5,5,13,12,23,10,-1.3457778968637948,0.0274666781806622,0.5634804141605932,0.04620758130366836,-0.29323709965006184,-2.105774503459621,1,3,1,1
4,2,2,2,3,2,3,3,3,2,3,2,2,2,1,1,7,7,7,5,4,3,3,3,471,2,2,21,4,13,4,0.347527486286895,1.781188168055404,-1.1121063358564962,-2.1499504963875173,-2.354831999682909,0.02774074196174343,1,2,1,1
3,2,2,6,4,2,1,2,5,6,6,4,4,7,6,7,2,3,7,1,3,6,7,7,642,1,1,12,20,23,2,0.9636024235608693,-0.19174850805368054,2.239067164177683,0.04620758130366836,-3.0420302996938577,-2.105774503459621,1,3,1,1
4,2,2,5,4,3,4,5,4,1,5,4,4,3,4,4,5,6,5,6,4,6,6,6,417,6,5,16,11,22,11,0.15297750609511365,0.6851122368836904,0.3540320704084571,-0.17340822646545023,0.050362050355412635,0.5611195533170845,1,3,2,1
3,2,2,6,4,2,4,4,5,3,2,1,1,2,2,2,6,7,5,7,7,7,7,6,143,7,6,18,6,27,13,-0.8341835045076289,1.123542609352376,-0.6932096483522239,0.9246708123801427,0.7375603503663616,1.0944983646724256,1,3,1,1
4,2,2,6,4,2,2,2,1,1,1,2,2,6,6,6,6,6,6,3,5,6,5,5,714,6,6,18,18,21,12,1.223002397149911,1.123542609352376,1.8201704766734104,-0.39302403423456883,0.3939612003608871,-1.0390168807489388,1,3,1,1
4,2,2,6,4,2,1,1,1,6,6,1,1,5,3,6,3,4,2,7,7,7,7,4,251,7,6,9,14,25,13,-0.44508354412406614,-0.8493940667567087,0.9823771016648657,0.4854391968419055,0.7375603503663616,1.0944983646724256,1,3,1,1
3,2,2,6,4,2,3,3,1,1,3,4,4,6,6,5,5,3,4,4,7,7,7,7,382,5,6,12,17,28,11,0.026880296711551642,-0.19174850805368054,1.6107221329212742,1.1442866201492612,0.050362050355412635,-0.5056380693935977,1,3,1,1
4,2,2,4,4,2,5,2,2,4,5,2,2,4,4,4,3,7,2,6,4,4,5,5,231,5,5,12,12,18,10,-0.5171390923432444,-0.19174850805368054,0.5634804141605932,-1.0518714575419246,-0.29323709965006184,0.5611195533170845,1,3,1,1
4,2,2,6,3,2,6,1,4,4,5,2,2,3,2,3,1,6,5,6,6,6,7,7,412,2,7,12,8,26,9,0.13496361904031906,-0.19174850805368054,-0.2743129608479515,0.7050550046110241,-0.6368362496555363,0.5611195533170845,1,2,1,1
3,1,2,6,4,1,5,2,3,3,1,3,3,3,4,4,5,3,3,4,5,6,6,5,152,5,6,11,11,22,11,-0.8017585078089986,-0.41096369428802326,0.3540320704084571,-0.17340822646545023,0.050362050355412635,-0.5056380693935977,0,3,0,1
3,2,2,6,4,2,4,3,3,2,2,1,1,2,3,2,6,5,2,7,7,7,7,7,164,6,6,13,7,28,12,-0.7585251788774917,0.0274666781806622,-0.4837613046000877,1.1442866201492612,0.3939612003608871,1.0944983646724256,1,3,1,1
4,2,2,5,4,2,3,6,2,3,2,5,5,6,5,3,6,6,5,3,5,5,5,2,743,5,5,17,14,17,10,1.3274829420677197,0.9043274231180332,0.9823771016648657,-1.2714872653110432,-0.29323709965006184,-1.0390168807489388,1,3,1,1
4,2,2,6,4,2,1,3,1,1,1,6,6,3,5,5,5,5,4,4,2,6,4,6,217,5,4,14,13,18,9,-0.5675779760966693,0.24668186441500492,0.7729287579127294,-1.0518714575419246,-0.6368362496555363,-0.5056380693935977,1,3,1,1
3,1,2,6,4,2,5,1,6,6,3,6,6,3,4,7,6,7,2,1,7,7,7,7,8,2,2,15,14,28,4,-1.3205584549870824,0.46589705064934767,0.9823771016648657,1.1442866201492612,-2.354831999682909,-2.105774503459621,0,3,1,1
6,2,2,6,4,2,6,2,4,3,1,2,2,3,1,1,3,4,4,7,7,7,7,6,241,7,7,11,5,27,14,-0.48111131823365527,-0.41096369428802326,-0.90265799210436,0.9246708123801427,1.0811595003718362,1.0944983646724256,1,3,1,1
3,1,1,6,4,2,3,6,5,2,4,1,1,2,4,2,6,6,7,7,7,7,7,7,714,7,7,19,8,28,14,1.223002397149911,1.3427577955867187,-0.2743129608479515,1.1442866201492612,1.0811595003718362,1.0944983646724256,0,3,1,0
4,2,2,6,4,4,6,4,5,6,6,3,3,3,3,3,5,6,2,6,7,7,7,7,174,2,2,13,9,28,4,-0.7224974047679026,0.0274666781806622,-0.0648646170958153,1.1442866201492612,-2.354831999682909,0.5611195533170845,1,3,3,1
3,1,2,5,4,2,4,6,3,3,5,1,1,3,4,3,5,6,6,6,6,6,6,6,14,6,5,17,10,24,11,-1.2989417905213287,0.9043274231180332,0.14458372665632088,0.26582338907278696,0.050362050355412635,0.5611195533170845,0,3,1,1
4,2,1,6,4,2,2,1,2,4,1,1,1,6,6,5,7,7,7,6,5,4,3,3,174,7,6,21,17,15,13,-0.7224974047679026,1.781188168055404,1.6107221329212742,-1.7107188808492804,0.7375603503663616,0.5611195533170845,1,3,1,0
3,1,2,5,4,2,6,4,3,1,2,5,5,6,6,6,5,3,5,1,4,6,2,6,175,3,3,13,18,18,6,-0.7188946273569436,0.0274666781806622,1.8201704766734104,-1.0518714575419246,-1.6676336996719598,-2.105774503459621,0,3,1,1
3,2,2,5,4,2,5,1,4,3,5,2,2,5,4,5,4,6,4,6,7,7,7,6,51,7,7,14,14,27,14,-1.165639026315849,0.24668186441500492,0.9823771016648657,0.9246708123801427,1.0811595003718362,0.5611195533170845,1,3,1,1
4,2,2,6,4,2,6,6,4,3,6,1,1,2,3,2,6,1,2,7,7,7,7,7,713,7,7,9,7,28,14,1.2193996197389523,-0.8493940667567087,-0.4837613046000877,1.1442866201492612,1.0811595003718362,1.0944983646724256,1,3,1,1
3,2,2,6,4,2,6,1,4,4,2,1,1,2,2,3,3,2,4,6,7,5,5,5,1,6,4,9,7,22,10,-1.3457778968637948,-0.8493940667567087,-0.4837613046000877,-0.17340822646545023,-0.29323709965006184,0.5611195533170845,1,3,1,1
4,2,2,5,4,2,6,1,3,6,3,2,2,5,2,6,2,3,2,7,6,6,6,6,541,6,6,7,13,24,12,0.599721905054019,-1.2878244392253941,0.7729287579127294,0.26582338907278696,0.3939612003608871,1.0944983646724256,1,3,1,1
4,2,2,5,3,2,5,1,2,1,5,5,5,6,6,6,6,3,2,6,5,7,7,7,1,7,7,11,18,26,14,-1.3457778968637948,-0.41096369428802326,1.8201704766734104,0.7050550046110241,1.0811595003718362,0.5611195533170845,1,2,1,1
3,2,2,6,4,2,3,3,3,3,2,1,1,2,2,2,6,3,6,7,6,6,6,6,137,7,6,15,6,24,13,-0.8558001689733824,0.46589705064934767,-0.6932096483522239,0.26582338907278696,0.7375603503663616,1.0944983646724256,1,3,1,1
3,2,2,6,4,2,5,5,4,3,2,4,4,4,4,5,6,6,5,5,4,4,6,5,126,5,5,17,13,19,10,-0.8954307204939305,0.9043274231180332,0.7729287579127294,-0.832255649772806,-0.29323709965006184,0.02774074196174343,1,3,1,1
3,2,2,6,4,2,4,1,2,3,3,2,2,6,3,2,2,5,2,6,6,7,7,7,251,7,7,9,11,27,14,-0.44508354412406614,-0.8493940667567087,0.3540320704084571,0.9246708123801427,1.0811595003718362,0.5611195533170845,1,3,1,1
3,2,2,5,3,2,2,3,6,2,3,2,2,5,3,3,5,5,5,5,5,6,5,6,67,6,5,15,11,22,11,-1.1079945877405064,0.46589705064934767,0.3540320704084571,-0.17340822646545023,0.050362050355412635,0.02774074196174343,1,2,1,1
3,2,2,6,4,2,2,1,3,2,4,4,4,4,6,6,2,2,2,1,6,2,7,2,123,2,2,6,16,17,4,-0.9062390527268072,-1.507039625459737,1.401273789169138,-1.2714872653110432,-2.354831999682909,-2.105774503459621,1,3,1,1
3,2,2,6,4,2,3,3,3,1,6,2,2,5,4,4,3,2,5,6,6,7,5,6,18,7,7,10,13,24,14,-1.2845306808774932,-0.630178880522366,0.7729287579127294,0.26582338907278696,1.0811595003718362,0.5611195533170845,1,3,1,1
3,2,2,6,4,2,3,1,4,4,4,6,6,5,3,5,6,2,6,1,7,7,7,7,1,5,5,14,13,28,10,-1.3457778968637948,0.24668186441500492,0.7729287579127294,1.1442866201492612,-0.29323709965006184,-2.105774503459621,1,3,1,1
3,2,2,6,4,2,3,2,1,2,2,3,3,5,5,4,4,2,3,2,6,6,6,5,681,6,6,9,14,23,12,1.104110742588267,-0.8493940667567087,0.9823771016648657,0.04620758130366836,0.3939612003608871,-1.5723956921042799,1,3,1,1
4,2,2,6,4,2,3,6,2,3,2,2,2,4,5,2,6,7,6,6,7,3,3,7,158,6,6,19,11,20,12,-0.7801418433432452,1.3427577955867187,0.3540320704084571,-0.6126398420036874,0.3939612003608871,0.5611195533170845,1,3,1,1
3,2,2,5,4,2,5,2,4,5,4,1,1,4,2,5,2,6,2,6,4,5,6,6,42,6,6,10,11,21,12,-1.1980640230144792,-0.630178880522366,0.3540320704084571,-0.39302403423456883,0.3939612003608871,0.5611195533170845,1,3,1,1
4,2,2,5,4,2,6,3,3,5,3,2,2,6,4,3,3,2,2,6,5,6,6,5,514,7,6,7,13,22,13,0.5024469149581283,-1.2878244392253941,0.7729287579127294,-0.17340822646545023,0.7375603503663616,0.5611195533170845,1,3,1,1
4,1,2,6,4,2,4,1,2,6,5,3,3,6,5,5,6,2,5,7,6,6,6,6,175,6,6,13,16,24,12,-0.7188946273569436,0.0274666781806622,1.401273789169138,0.26582338907278696,0.3939612003608871,1.0944983646724256,0,3,1,1
4,2,2,6,4,2,5,5,5,1,2,4,4,2,1,2,6,7,6,2,6,7,7,7,81,2,2,19,5,27,4,-1.0575557039870815,1.3427577955867187,-0.90265799210436,0.9246708123801427,-2.354831999682909,-1.5723956921042799,1,3,1,1
3,2,2,2,4,3,5,3,2,1,6,4,4,3,4,5,4,5,2,3,5,6,7,7,174,5,5,11,12,25,10,-0.7224974047679026,-0.41096369428802326,0.5634804141605932,0.4854391968419055,-0.29323709965006184,-1.0390168807489388,1,3,2,1
4,2,2,5,4,7,6,6,3,1,3,6,6,2,3,6,7,6,6,1,7,7,5,4,754,7,6,19,11,23,13,1.3671134935882678,1.3427577955867187,0.3540320704084571,0.04620758130366836,0.7375603503663616,-2.105774503459621,1,3,6,1
3,2,2,5,4,2,3,5,2,1,5,2,2,3,3,2,5,4,3,7,5,6,6,5,125,7,6,12,8,22,13,-0.8990334979048893,-0.19174850805368054,-0.2743129608479515,-0.17340822646545023,0.7375603503663616,1.0944983646724256,1,3,1,1
4,2,2,5,4,2,2,5,5,1,2,5,5,5,4,6,6,6,2,3,2,2,6,5,17,3,4,14,15,15,7,-1.288133458288452,0.24668186441500492,1.1918254454170019,-1.7107188808492804,-1.3240345496664854,-1.0390168807489388,1,3,1,1
3,2,2,6,4,2,6,6,3,1,2,3,3,6,4,4,3,2,6,4,6,6,6,5,137,6,6,11,14,23,12,-0.8558001689733824,-0.41096369428802326,0.9823771016648657,0.04620758130366836,0.3939612003608871,-0.5056380693935977,1,3,1,1
3,1,2,6,4,2,3,3,3,2,1,1,1,3,2,5,3,1,2,7,5,7,7,4,712,7,7,6,10,23,14,1.2157968423279935,-1.507039625459737,0.14458372665632088,0.04620758130366836,1.0811595003718362,1.0944983646724256,0,3,1,1
3,2,2,5,4,2,5,3,3,6,6,1,1,3,2,1,3,5,5,7,4,6,6,6,217,5,5,13,6,22,10,-0.5675779760966693,0.0274666781806622,-0.6932096483522239,-0.17340822646545023,-0.29323709965006184,1.0944983646724256,1,3,1,1
4,2,2,6,4,2,4,2,6,6,3,2,2,6,6,5,2,2,2,6,6,6,6,6,612,6,5,6,17,24,11,0.855519101232102,-1.507039625459737,1.6107221329212742,0.26582338907278696,0.050362050355412635,0.5611195533170845,1,3,1,1
3,2,1,6,4,2,5,3,2,1,6,4,4,3,3,3,3,1,2,4,7,7,7,7,21,7,6,6,9,28,13,-1.2737223486446165,-1.507039625459737,-0.0648646170958153,1.1442866201492612,0.7375603503663616,-0.5056380693935977,1,3,1,0
4,2,2,6,4,2,4,4,6,2,1,3,3,2,2,2,5,3,4,6,6,5,5,5,461,7,6,12,6,21,13,0.3114997121773059,-0.19174850805368054,-0.6932096483522239,-0.39302403423456883,0.7375603503663616,0.5611195533170845,1,3,1,1
3,2,2,5,4,2,6,4,5,3,1,2,2,2,2,2,3,5,3,6,6,6,6,6,7,6,6,11,6,24,12,-1.3241612323980412,-0.41096369428802326,-0.6932096483522239,0.26582338907278696,0.3939612003608871,0.5611195533170845,1,3,1,1
6,1,2,1,3,5,6,6,6,1,6,6,6,3,4,4,6,5,6,1,1,6,7,7,714,1,1,17,11,21,2,1.223002397149911,0.9043274231180332,0.3540320704084571,-0.39302403423456883,-3.0420302996938577,-2.105774503459621,0,2,4,1
4,2,2,5,4,2,6,5,2,2,3,5,5,3,3,3,6,6,6,3,4,5,4,3,527,5,5,18,9,16,10,0.5492830213005943,1.123542609352376,-0.0648646170958153,-1.4911030730801618,-0.29323709965006184,-1.0390168807489388,1,3,1,1
4,2,2,5,4,2,5,3,6,5,5,1,1,7,5,6,6,6,2,7,7,7,7,7,215,7,7,14,18,28,14,-0.574783530918587,0.24668186441500492,1.8201704766734104,1.1442866201492612,1.0811595003718362,1.0944983646724256,1,3,1,1
4,1,2,6,4,2,6,1,3,6,5,1,1,6,6,6,6,1,2,6,5,7,7,7,821,7,5,9,18,26,12,1.608499580122515,-0.8493940667567087,1.8201704766734104,0.7050550046110241,0.3939612003608871,0.5611195533170845,0,3,1,1
3,2,1,5,3,2,5,1,5,3,6,2,2,1,1,1,4,7,1,7,6,7,7,7,816,7,7,12,3,27,14,1.5904856930677205,-0.19174850805368054,-1.3215546796086324,0.9246708123801427,1.0811595003718362,1.0944983646724256,1,2,1,0
4,2,2,6,4,2,6,6,4,5,1,2,2,6,3,3,5,5,3,7,7,7,7,7,514,7,6,13,12,28,13,0.5024469149581283,0.0274666781806622,0.5634804141605932,1.1442866201492612,0.7375603503663616,1.0944983646724256,1,3,1,1
3,2,1,6,3,2,5,6,5,3,6,1,1,7,6,6,3,5,5,6,7,7,6,7,142,7,7,13,19,27,14,-0.8377862819185878,0.0274666781806622,2.0296188204255468,0.9246708123801427,1.0811595003718362,0.5611195533170845,1,2,1,0
4,2,2,6,4,2,4,1,4,2,3,2,2,2,2,7,1,1,1,4,7,7,7,7,71,4,2,3,11,28,6,-1.0935834780966707,-2.164685184162765,0.3540320704084571,1.1442866201492612,-1.6676336996719598,-0.5056380693935977,1,3,1,1
4,2,2,3,3,2,5,5,6,6,4,6,6,2,3,2,2,2,2,7,6,6,6,6,182,6,6,6,7,24,12,-0.6936751854802312,-1.507039625459737,-0.4837613046000877,0.26582338907278696,0.3939612003608871,1.0944983646724256,1,2,1,1
4,2,2,6,4,2,2,1,3,1,3,2,2,4,2,5,6,7,4,6,6,7,7,7,142,7,7,17,11,27,14,-0.8377862819185878,0.9043274231180332,0.3540320704084571,0.9246708123801427,1.0811595003718362,0.5611195533170845,1,3,1,1
3,2,1,6,4,2,5,1,4,2,1,1,1,4,4,4,4,3,1,1,4,4,5,5,314,7,7,8,12,18,14,-0.21810856723365452,-1.0686092529910514,0.5634804141605932,-1.0518714575419246,1.0811595003718362,-2.105774503459621,1,3,1,0
3,1,1,3,4,2,2,5,5,5,3,1,1,1,2,2,2,1,2,6,6,7,7,7,137,7,7,5,5,27,14,-0.8558001689733824,-1.7262548116940797,-0.90265799210436,0.9246708123801427,1.0811595003718362,0.5611195533170845,0,3,1,0
3,2,2,6,4,2,5,4,5,6,3,3,3,4,3,3,2,5,2,6,6,6,6,6,713,6,6,9,10,24,12,1.2193996197389523,-0.8493940667567087,0.14458372665632088,0.26582338907278696,0.3939612003608871,0.5611195533170845,1,3,1,1
3,2,2,6,4,2,6,3,5,4,2,2,2,5,2,2,2,1,1,7,7,7,7,7,147,6,6,4,9,28,12,-0.8197723948637932,-1.9454699979284225,-0.0648646170958153,1.1442866201492612,0.3939612003608871,1.0944983646724256,1,3,1,1
4,2,1,5,3,2,4,3,4,1,4,2,2,5,7,7,3,6,5,6,5,7,5,7,1,7,7,14,19,24,14,-1.3457778968637948,0.24668186441500492,2.0296188204255468,0.26582338907278696,1.0811595003718362,0.5611195533170845,1,2,1,0
3,1,2,6,4,2,6,6,1,6,6,6,6,4,4,4,6,6,6,4,2,1,1,3,1,2,2,18,12,7,4,-1.3457778968637948,1.123542609352376,0.5634804141605932,-3.467645343002229,-2.354831999682909,-0.5056380693935977,0,3,1,1
4,2,2,5,3,2,5,6,6,4,2,4,4,2,3,3,2,6,6,6,6,6,5,6,51,6,6,14,8,23,12,-1.165639026315849,0.24668186441500492,-0.2743129608479515,0.04620758130366836,0.3939612003608871,0.5611195533170845,1,2,1,1
3,1,2,5,4,2,4,1,1,1,5,1,1,4,3,4,5,2,3,7,6,6,5,5,147,7,6,10,11,22,13,-0.8197723948637932,-0.630178880522366,0.3540320704084571,-0.17340822646545023,0.7375603503663616,1.0944983646724256,0,3,1,1
3,2,1,5,3,2,4,1,6,2,6,3,3,5,5,5,4,7,3,6,5,5,5,5,1,6,6,14,15,20,12,-1.3457778968637948,0.24668186441500492,1.1918254454170019,-0.6126398420036874,0.3939612003608871,0.5611195533170845,1,2,1,0
4,2,2,6,4,2,3,3,3,3,3,3,3,3,2,3,2,1,2,7,6,6,6,7,8,6,6,5,8,25,12,-1.3205584549870824,-1.7262548116940797,-0.2743129608479515,0.4854391968419055,0.3939612003608871,1.0944983646724256,1,3,1,1
3,2,1,6,3,2,6,2,3,2,3,3,3,1,1,2,2,6,2,6,7,7,7,7,684,7,7,10,4,28,14,1.1149190748211437,-0.630178880522366,-1.1121063358564962,1.1442866201492612,1.0811595003718362,0.5611195533170845,1,2,1,0
3,2,2,6,4,2,4,1,4,4,3,1,1,6,2,6,5,3,3,7,7,7,7,7,814,7,7,11,14,28,14,1.5832801382458026,-0.41096369428802326,0.9823771016648657,1.1442866201492612,1.0811595003718362,1.0944983646724256,1,3,1,1
3,2,2,6,4,2,4,1,6,5,2,3,3,2,2,6,5,5,4,6,5,5,5,6,1,5,5,14,10,21,10,-1.3457778968637948,0.24668186441500492,0.14458372665632088,-0.39302403423456883,-0.29323709965006184,0.5611195533170845,1,3,1,1
3,2,2,5,4,2,3,1,5,5,5,1,1,4,4,2,2,2,2,7,7,7,7,7,451,7,7,6,10,28,14,0.27547193806771675,-1.507039625459737,0.14458372665632088,1.1442866201492612,1.0811595003718362,1.0944983646724256,1,3,1,1
4,1,2,3,4,3,4,1,6,3,6,3,3,1,1,1,2,6,1,7,5,7,7,7,468,7,7,9,3,26,14,0.33671915405401825,-0.8493940667567087,-1.3215546796086324,0.7050550046110241,1.0811595003718362,1.0944983646724256,0,3,2,1
3,2,2,5,4,2,6,2,3,1,1,6,6,4,5,6,2,2,3,1,4,4,5,4,163,5,4,7,15,17,9,-0.7621279562884505,-1.2878244392253941,1.1918254454170019,-1.2714872653110432,-0.6368362496555363,-2.105774503459621,1,3,1,1
3,2,2,1,4,2,3,3,3,3,3,3,3,5,5,5,5,5,5,2,5,5,5,5,5,3,2,15,15,20,5,-1.331366787219959,0.46589705064934767,1.1918254454170019,-0.6126398420036874,-2.0112328496774343,-1.5723956921042799,1,3,1,1
3,2,2,6,4,2,1,1,1,1,1,1,1,2,2,5,3,2,4,7,7,7,7,7,16,7,7,9,9,28,14,-1.291736235699411,-0.8493940667567087,-0.0648646170958153,1.1442866201492612,1.0811595003718362,1.0944983646724256,1,3,1,1
3,2,1,6,3,3,4,1,4,4,3,3,3,2,3,4,4,2,4,3,4,7,6,4,147,7,5,10,9,21,12,-0.8197723948637932,-0.630178880522366,-0.0648646170958153,-0.39302403423456883,0.3939612003608871,-1.0390168807489388,1,2,2,0
5,2,2,6,4,3,6,2,5,5,6,2,2,4,4,5,2,6,2,4,6,6,6,6,8,4,4,10,13,24,8,-1.3205584549870824,-0.630178880522366,0.7729287579127294,0.26582338907278696,-0.9804353996610108,-0.5056380693935977,1,3,2,1
5,2,2,6,4,3,5,2,5,5,4,2,2,6,1,1,3,6,1,5,7,6,7,6,841,6,6,10,8,26,12,1.6805551283416933,-0.630178880522366,-0.2743129608479515,0.7050550046110241,0.3939612003608871,0.02774074196174343,1,3,2,1
4,2,2,5,3,2,4,4,2,3,4,1,1,5,5,3,5,3,5,7,7,7,7,7,137,7,7,13,13,28,14,-0.8558001689733824,0.0274666781806622,0.7729287579127294,1.1442866201492612,1.0811595003718362,1.0944983646724256,1,2,1,1
3,1,1,3,4,7,3,3,6,2,6,1,1,2,5,5,5,2,2,7,4,5,5,5,128,7,6,9,12,19,13,-0.8882251656720126,-0.8493940667567087,0.5634804141605932,-0.832255649772806,0.7375603503663616,1.0944983646724256,0,3,6,0
3,2,2,5,4,2,6,6,6,2,4,1,1,5,2,3,4,5,3,7,5,6,6,5,243,7,6,12,10,22,13,-0.47390576341173746,-0.19174850805368054,0.14458372665632088,-0.17340822646545023,0.7375603503663616,1.0944983646724256,1,3,1,1
3,2,1,4,3,2,6,3,5,1,4,2,2,5,3,5,1,2,1,7,7,7,7,7,142,7,7,4,13,28,14,-0.8377862819185878,-1.9454699979284225,0.7729287579127294,1.1442866201492612,1.0811595003718362,1.0944983646724256,1,2,1,0
4,2,2,5,4,2,5,1,3,3,3,2,2,3,2,1,1,5,2,5,5,6,6,5,327,6,5,8,6,22,11,-0.17127246089118864,-1.0686092529910514,-0.6932096483522239,-0.17340822646545023,0.050362050355412635,0.02774074196174343,1,3,1,1
3,2,2,6,4,2,4,3,2,2,1,4,4,3,5,4,6,2,2,2,4,4,4,5,864,1,1,10,12,17,2,1.7634190087937482,-0.630178880522366,0.5634804141605932,-1.2714872653110432,-3.0420302996938577,-1.5723956921042799,1,3,1,1
3,2,2,5,4,2,4,1,4,2,2,3,3,2,3,2,5,3,3,6,3,5,3,3,832,3,2,11,7,14,5,1.648130131643063,-0.41096369428802326,-0.4837613046000877,-1.930334688618399,-2.0112328496774343,0.5611195533170845,1,3,1,1
3,2,2,5,4,2,2,3,3,6,1,6,6,4,3,3,5,4,3,1,5,5,5,5,825,3,3,12,10,20,6,1.6229106897663508,-0.19174850805368054,0.14458372665632088,-0.6126398420036874,-1.6676336996719598,-2.105774503459621,1,3,1,1
4,2,2,5,4,3,4,4,4,4,4,4,4,2,2,2,2,6,2,4,5,5,5,5,8,4,5,10,6,20,9,-1.3205584549870824,-0.630178880522366,-0.6932096483522239,-0.6126398420036874,-0.6368362496555363,-0.5056380693935977,1,3,2,1
3,2,2,5,4,2,6,4,3,3,4,3,3,3,4,4,3,5,3,3,2,3,5,3,421,6,3,11,11,13,9,0.1673886157389493,-0.41096369428802326,0.3540320704084571,-2.1499504963875173,-0.6368362496555363,-1.0390168807489388,1,3,1,1
3,2,1,5,4,2,1,3,1,1,1,3,3,5,5,5,5,5,5,1,7,7,7,7,4,6,6,15,15,28,12,-1.3349695646309179,0.46589705064934767,1.1918254454170019,1.1442866201492612,0.3939612003608871,-2.105774503459621,1,3,1,0
3,2,2,6,4,3,2,2,6,4,1,2,2,5,3,5,2,2,2,3,6,7,7,7,15,5,5,6,13,27,10,-1.29533901311037,-1.507039625459737,0.7729287579127294,0.9246708123801427,-0.29323709965006184,-1.0390168807489388,1,3,2,1
3,2,2,6,4,2,6,1,6,1,2,6,6,2,4,4,1,7,1,1,6,2,6,6,531,2,2,9,10,20,4,0.5636941309444299,-0.8493940667567087,0.14458372665632088,-0.6126398420036874,-2.354831999682909,-2.105774503459621,1,3,1,1
3,2,2,1,3,2,4,4,4,4,4,4,4,6,6,6,6,7,4,3,6,6,5,7,624,5,6,17,18,24,11,0.898752430163609,0.9043274231180332,1.8201704766734104,0.26582338907278696,0.050362050355412635,-1.0390168807489388,1,2,1,1
5,2,2,6,4,3,5,1,4,5,2,1,1,1,1,1,5,2,1,7,7,7,7,7,814,7,7,8,3,28,14,1.5832801382458026,-1.0686092529910514,-1.3215546796086324,1.1442866201492612,1.0811595003718362,1.0944983646724256,1,3,2,1
3,1,2,2,4,1,2,1,2,1,1,1,1,3,4,4,7,7,6,6,7,7,7,7,264,7,7,20,11,28,14,-0.39824743778160027,1.5619729818210613,0.3540320704084571,1.1442866201492612,1.0811595003718362,0.5611195533170845,0,3,0,1
3,1,2,2,3,5,2,6,3,1,3,4,4,4,6,5,6,7,6,4,6,5,6,6,567,6,6,19,15,23,12,0.6933941177389508,1.3427577955867187,1.1918254454170019,0.04620758130366836,0.3939612003608871,-0.5056380693935977,0,2,4,1
3,2,2,2,4,2,2,1,1,1,1,2,2,7,7,7,6,5,7,6,7,7,7,7,346,6,7,18,21,28,13,-0.10281969008296928,1.123542609352376,2.448515507929819,1.1442866201492612,0.7375603503663616,0.5611195533170845,1,3,1,1
4,2,2,2,3,3,1,2,1,1,1,1,1,1,1,2,7,6,7,6,7,7,7,7,287,7,4,20,4,28,11,-0.3153835573295452,1.5619729818210613,-1.1121063358564962,1.1442866201492612,0.050362050355412635,0.5611195533170845,1,2,2,1
2,2,2,2,4,2,2,6,2,1,4,1,1,1,1,1,6,4,5,7,6,7,7,7,284,4,5,15,3,27,9,-0.32619188956242195,0.46589705064934767,-1.3215546796086324,0.9246708123801427,-0.6368362496555363,1.0944983646724256,1,3,1,1
3,2,2,3,4,2,3,6,5,4,5,5,5,7,6,5,5,2,1,3,5,6,5,7,412,6,6,8,18,23,12,0.13496361904031906,-1.0686092529910514,1.8201704766734104,0.04620758130366836,0.3939612003608871,-1.0390168807489388,1,3,1,1
3,2,2,2,4,2,1,1,1,1,1,2,2,7,7,7,7,6,7,5,7,7,7,7,826,6,6,20,21,28,12,1.6265134671773096,1.5619729818210613,2.448515507929819,1.1442866201492612,0.3939612003608871,0.02774074196174343,1,3,1,1
3,2,2,2,4,2,1,1,1,1,1,2,2,1,1,1,7,6,6,7,7,7,7,7,386,7,1,19,3,28,8,0.0412914063553873,1.3427577955867187,-1.3215546796086324,1.1442866201492612,-0.9804353996610108,1.0944983646724256,1,3,1,1
3,2,2,2,4,2,6,5,1,6,6,6,6,7,7,7,7,6,7,6,7,7,7,7,642,7,7,20,21,28,14,0.9636024235608693,1.5619729818210613,2.448515507929819,1.1442866201492612,1.0811595003718362,0.5611195533170845,1,3,1,1
4,2,2,4,4,1,4,6,5,1,2,5,5,5,5,1,2,6,3,4,6,7,7,7,371,7,7,11,11,27,14,-0.012750254808996414,-0.41096369428802326,0.3540320704084571,0.9246708123801427,1.0811595003718362,-0.5056380693935977,1,3,0,1
4,2,2,2,3,3,1,2,1,1,1,1,1,1,1,1,7,6,7,7,7,7,7,7,278,7,7,20,3,28,14,-0.34780855402817545,1.5619729818210613,-1.3215546796086324,1.1442866201492612,1.0811595003718362,1.0944983646724256,1,2,2,1
3,2,2,2,4,2,5,6,5,6,5,1,1,7,6,7,6,7,7,6,7,7,7,7,128,6,7,20,20,28,13,-0.8882251656720126,1.5619729818210613,2.239067164177683,1.1442866201492612,0.7375603503663616,0.5611195533170845,1,3,1,1
2,2,2,3,4,2,3,4,2,1,4,1,1,1,1,1,3,2,2,7,7,7,6,7,843,7,6,7,3,27,13,1.6877606831636112,-1.2878244392253941,-1.3215546796086324,0.9246708123801427,0.7375603503663616,1.0944983646724256,1,3,1,1
4,2,2,2,2,2,1,2,1,1,2,1,1,1,2,1,7,7,7,7,7,6,7,7,847,7,7,21,4,27,14,1.702171792807447,1.781188168055404,-1.1121063358564962,0.9246708123801427,1.0811595003718362,1.0944983646724256,1,1,1,1
2,2,1,4,1,6,1,2,1,2,1,1,1,2,2,2,7,7,7,7,7,7,7,7,385,7,7,21,6,28,14,0.037688628944428385,1.781188168055404,-0.6932096483522239,1.1442866201492612,1.0811595003718362,1.0944983646724256,1,0,5,0
3,2,2,3,3,3,1,5,3,5,4,1,1,1,1,2,4,1,2,6,7,7,7,7,876,7,6,7,4,28,13,1.8066523377252552,-1.2878244392253941,-1.1121063358564962,1.1442866201492612,0.7375603503663616,0.5611195533170845,1,2,2,1
3,2,2,2,3,2,2,1,1,1,1,1,1,1,1,3,7,7,7,5,7,7,7,7,247,7,7,21,5,28,14,-0.4594946537679018,1.781188168055404,-0.90265799210436,1.1442866201492612,1.0811595003718362,0.02774074196174343,1,2,1,1
5,2,2,2,4,2,5,6,6,6,6,4,4,7,7,7,7,7,7,5,7,7,7,7,624,7,7,21,21,28,14,0.898752430163609,1.781188168055404,2.448515507929819,1.1442866201492612,1.0811595003718362,0.02774074196174343,1,3,1,1
3,2,2,4,2,3,1,1,2,1,1,1,1,1,1,1,7,7,7,7,7,7,7,7,281,7,7,21,3,28,14,-0.3370002217952987,1.781188168055404,-1.3215546796086324,1.1442866201492612,1.0811595003718362,1.0944983646724256,1,1,2,1
3,2,2,2,3,1,2,4,3,1,3,1,1,1,1,1,2,6,2,6,7,7,7,6,78,7,6,10,3,27,13,-1.0683640362199582,-0.630178880522366,-1.3215546796086324,0.9246708123801427,0.7375603503663616,0.5611195533170845,1,2,0,1
2,1,2,2,3,2,1,2,3,2,5,1,1,1,1,1,4,3,5,7,7,7,7,6,374,7,6,12,3,27,13,-0.0019419225761196709,-0.19174850805368054,-1.3215546796086324,0.9246708123801427,0.7375603503663616,1.0944983646724256,0,2,1,1
3,1,2,2,4,2,2,3,3,1,6,1,1,2,2,2,1,1,2,5,7,7,6,7,63,7,7,4,6,27,14,-1.122405697384342,-1.9454699979284225,-0.6932096483522239,0.9246708123801427,1.0811595003718362,0.02774074196174343,0,3,1,1
3,2,2,2,4,2,2,2,4,1,3,1,1,1,1,1,5,1,5,7,7,7,7,6,372,6,6,11,3,27,12,-0.0091474773980375,-0.41096369428802326,-1.3215546796086324,0.9246708123801427,0.3939612003608871,1.0944983646724256,1,3,1,1
5,2,2,2,3,2,1,1,1,1,1,1,1,2,1,1,7,7,7,7,7,7,7,6,487,7,7,21,4,27,14,0.40517192486223763,1.781188168055404,-1.1121063358564962,0.9246708123801427,1.0811595003718362,1.0944983646724256,1,2,1,1
3,2,1,2,3,2,1,4,3,1,5,1,1,5,6,1,4,5,3,5,7,7,6,7,738,7,7,12,12,27,14,1.309469055012925,-0.19174850805368054,0.5634804141605932,0.9246708123801427,1.0811595003718362,0.02774074196174343,1,2,1,0
2,2,1,2,3,6,1,1,1,1,1,1,1,1,1,1,7,6,7,6,7,7,7,6,764,7,7,20,3,27,14,1.403141267697857,1.5619729818210613,-1.3215546796086324,0.9246708123801427,1.0811595003718362,0.5611195533170845,1,2,5,0
4,2,2,2,3,3,1,1,1,1,1,1,1,1,2,2,7,6,6,7,7,7,7,7,487,7,7,19,5,28,14,0.40517192486223763,1.3427577955867187,-0.90265799210436,1.1442866201492612,1.0811595003718362,1.0944983646724256,1,2,2,1
3,2,2,2,4,2,3,4,1,2,5,2,2,1,2,1,6,2,3,6,7,6,6,7,374,7,5,11,4,26,12,-0.0019419225761196709,-0.41096369428802326,-1.1121063358564962,0.7050550046110241,0.3939612003608871,0.5611195533170845,1,3,1,1
4,1,2,2,2,5,1,1,1,1,1,1,1,1,1,1,7,7,6,6,7,7,7,6,172,7,7,20,3,27,14,-0.7297029595898203,1.5619729818210613,-1.3215546796086324,0.9246708123801427,1.0811595003718362,0.5611195533170845,0,1,4,1
3,2,2,2,3,1,1,1,1,1,1,1,1,1,1,1,7,5,6,6,7,7,7,7,287,7,7,18,3,28,14,-0.3153835573295452,1.123542609352376,-1.3215546796086324,1.1442866201492612,1.0811595003718362,0.5611195533170845,1,2,0,1
3,2,2,3,4,2,5,3,1,2,2,1,1,1,1,1,3,1,5,7,7,6,5,7,243,5,5,9,3,25,10,-0.47390576341173746,-0.8493940667567087,-1.3215546796086324,0.4854391968419055,-0.29323709965006184,1.0944983646724256,1,3,1,1
3,2,2,3,4,2,3,3,1,2,2,1,1,1,1,1,3,4,6,6,7,7,6,6,486,6,6,13,3,26,12,0.40156914745127875,0.0274666781806622,-1.3215546796086324,0.7050550046110241,0.3939612003608871,0.5611195533170845,1,3,1,1
3,2,2,2,4,2,3,3,1,1,4,1,1,1,1,1,6,1,1,6,7,7,6,6,243,5,6,8,3,26,11,-0.47390576341173746,-1.0686092529910514,-1.3215546796086324,0.7050550046110241,0.050362050355412635,0.5611195533170845,1,3,1,1
2,1,2,2,4,2,2,2,2,3,4,2,2,1,1,1,4,1,5,6,7,6,6,6,643,5,5,10,3,25,10,0.9672052009718283,-0.630178880522366,-1.3215546796086324,0.4854391968419055,-0.29323709965006184,0.5611195533170845,0,3,1,1
3,2,2,6,4,2,6,6,1,2,6,1,1,4,4,4,4,2,6,6,7,7,7,7,714,7,7,12,12,28,14,1.223002397149911,-0.19174850805368054,0.5634804141605932,1.1442866201492612,1.0811595003718362,0.5611195533170845,1,3,1,1
3,2,2,3,4,2,4,2,1,1,4,1,1,2,1,1,3,2,2,7,7,6,7,6,384,6,6,7,4,26,12,0.03408585153346947,-1.2878244392253941,-1.1121063358564962,0.7050550046110241,0.3939612003608871,1.0944983646724256,1,3,1,1
4,2,2,3,4,3,3,2,5,1,1,3,3,5,5,5,3,4,4,5,6,7,5,7,463,5,4,11,15,25,9,0.3187052669992237,-0.41096369428802326,1.1918254454170019,0.4854391968419055,-0.6368362496555363,0.02774074196174343,1,3,2,1
3,2,1,5,4,2,3,1,2,3,2,2,2,2,2,2,3,3,3,6,6,6,7,7,3,6,6,9,6,26,12,-1.338572342041877,-0.8493940667567087,-0.6932096483522239,0.7050550046110241,0.3939612003608871,0.5611195533170845,1,3,1,0
2,1,1,2,3,2,3,3,2,2,3,2,2,3,4,3,3,5,4,4,4,3,3,4,453,5,3,12,10,14,8,0.28267749288963456,-0.19174850805368054,0.14458372665632088,-1.930334688618399,-0.9804353996610108,-0.5056380693935977,0,2,1,0
3,2,2,3,4,2,2,2,2,3,3,3,3,3,5,4,4,4,3,3,5,4,5,5,415,4,3,11,12,19,7,0.1457719512731958,-0.41096369428802326,0.5634804141605932,-0.832255649772806,-1.3240345496664854,-1.0390168807489388,1,3,1,1
4,2,2,3,2,3,1,1,1,3,1,2,2,5,4,4,5,6,5,6,6,1,6,3,874,3,6,16,13,16,9,1.7994467829033376,0.6851122368836904,0.7729287579127294,-1.4911030730801618,-0.6368362496555363,0.5611195533170845,1,1,2,1
3,2,2,2,3,2,2,2,3,3,2,1,1,3,4,2,3,4,4,6,5,3,3,5,426,7,5,11,9,16,12,0.18540250279374387,-0.41096369428802326,-0.0648646170958153,-1.4911030730801618,0.3939612003608871,0.5611195533170845,1,2,1,1
4,2,2,2,2,2,3,3,2,2,2,3,3,3,5,5,3,4,4,3,5,3,6,5,731,4,2,11,13,19,6,1.2842496131362127,-0.41096369428802326,0.7729287579127294,-0.832255649772806,-1.6676336996719598,-1.0390168807489388,1,1,1,1
4,2,2,2,2,3,3,5,2,2,1,2,2,4,5,4,3,2,3,3,6,4,6,5,873,5,2,8,13,21,7,1.7958440054923785,-1.0686092529910514,0.7729287579127294,-0.39302403423456883,-1.3240345496664854,-1.0390168807489388,1,1,2,1
3,2,2,2,3,3,2,2,2,2,3,2,2,5,4,4,5,5,4,4,6,4,3,6,763,3,3,14,13,19,6,1.399538490286898,0.24668186441500492,0.7729287579127294,-0.832255649772806,-1.6676336996719598,-0.5056380693935977,1,2,2,1
2,2,1,2,4,3,1,2,2,2,3,2,2,4,2,3,3,4,3,4,5,3,4,6,671,3,3,10,9,18,6,1.068082968478678,-0.630178880522366,-0.0648646170958153,-1.0518714575419246,-1.6676336996719598,-0.5056380693935977,1,3,2,0
3,2,2,2,3,3,3,2,2,2,3,4,4,3,5,5,3,4,4,3,6,3,4,6,476,6,5,11,13,19,11,0.36554137334168957,-0.41096369428802326,0.7729287579127294,-0.832255649772806,0.050362050355412635,-1.0390168807489388,1,2,2,1
3,2,2,6,4,2,6,3,1,3,3,1,1,1,1,1,3,2,2,7,5,7,7,7,521,7,6,7,3,26,13,0.5276663568348408,-1.2878244392253941,-1.3215546796086324,0.7050550046110241,0.7375603503663616,1.0944983646724256,1,3,1,1
4,2,2,6,4,2,6,5,3,2,1,4,4,5,2,3,5,5,3,7,6,6,6,6,713,6,6,13,10,24,12,1.2193996197389523,0.0274666781806622,0.14458372665632088,0.26582338907278696,0.3939612003608871,1.0944983646724256,1,3,1,1
3,2,2,6,4,2,3,5,3,5,1,2,2,3,3,4,2,2,2,7,6,6,6,6,251,6,6,6,10,24,12,-0.44508354412406614,-1.507039625459737,0.14458372665632088,0.26582338907278696,0.3939612003608871,1.0944983646724256,1,3,1,1
3,2,1,6,4,3,1,1,6,1,5,6,6,7,7,7,1,1,1,1,1,1,7,7,812,1,1,3,21,16,2,1.5760745834238847,-2.164685184162765,2.448515507929819,-1.4911030730801618,-3.0420302996938577,-2.105774503459621,1,3,2,0
4,2,2,6,4,2,4,4,3,2,1,4,4,5,5,5,5,5,7,1,2,1,2,2,327,1,2,17,15,7,3,-0.17127246089118864,0.9043274231180332,1.1918254454170019,-3.467645343002229,-2.6984311496883833,-2.105774503459621,1,3,1,1
4,2,2,3,3,4,2,3,1,1,2,1,1,2,2,1,6,5,1,7,6,6,6,7,248,7,7,12,5,25,14,-0.4558918763569429,-0.19174850805368054,-0.90265799210436,0.4854391968419055,1.0811595003718362,1.0944983646724256,1,2,3,1
4,2,2,3,3,3,2,4,3,4,5,1,1,2,1,1,3,3,6,6,6,6,6,7,274,7,7,12,4,25,14,-0.3622196636720111,-0.19174850805368054,-1.1121063358564962,0.4854391968419055,1.0811595003718362,0.5611195533170845,1,2,2,1
3,2,2,2,4,1,3,3,2,1,4,1,1,1,2,1,2,3,1,7,6,7,6,7,718,7,6,6,4,26,13,1.2374135067937468,-1.507039625459737,-1.1121063358564962,0.7050550046110241,0.7375603503663616,1.0944983646724256,1,3,0,1
5,2,1,3,3,3,2,3,2,3,2,1,1,1,2,1,5,2,3,7,7,7,5,7,327,7,7,10,4,26,14,-0.17127246089118864,-0.630178880522366,-1.1121063358564962,0.7050550046110241,1.0811595003718362,1.0944983646724256,1,2,2,0
4,2,2,3,3,3,2,4,3,4,3,1,1,3,1,2,5,3,3,7,6,7,7,7,784,7,7,11,6,27,14,1.4751968159170352,-0.41096369428802326,-0.6932096483522239,0.9246708123801427,1.0811595003718362,1.0944983646724256,1,2,2,1
3,2,2,2,3,3,3,4,2,4,3,1,1,6,2,1,3,3,2,7,7,7,7,6,724,7,7,8,9,27,14,1.2590301712595002,-1.0686092529910514,-0.0648646170958153,0.9246708123801427,1.0811595003718362,1.0944983646724256,1,2,2,1
3,2,2,2,3,3,3,1,3,3,3,6,6,3,3,5,5,1,3,2,3,3,5,2,417,2,2,9,11,13,4,0.15297750609511365,-0.8493940667567087,0.3540320704084571,-2.1499504963875173,-2.354831999682909,-1.5723956921042799,1,2,2,1
3,1,3,5,4,2,6,6,6,1,1,6,6,4,4,4,5,1,2,1,5,5,5,4,234,5,6,8,12,19,11,-0.5063307601103677,-1.0686092529910514,0.5634804141605932,-0.832255649772806,0.050362050355412635,-2.105774503459621,0,3,1,2
3,2,1,6,4,2,5,6,5,5,3,4,4,3,3,3,6,6,6,5,6,6,5,6,671,7,7,18,9,23,14,1.068082968478678,1.123542609352376,-0.0648646170958153,0.04620758130366836,1.0811595003718362,0.02774074196174343,1,3,1,0
3,2,2,6,4,2,6,1,6,6,6,1,1,2,1,2,2,2,1,7,7,7,7,7,152,7,7,5,5,28,14,-0.8017585078089986,-1.7262548116940797,-0.90265799210436,1.1442866201492612,1.0811595003718362,1.0944983646724256,1,3,1,1
3,2,2,6,4,2,2,3,3,3,6,1,1,2,2,3,6,2,3,7,5,6,5,4,21,7,7,11,7,20,14,-1.2737223486446165,-0.41096369428802326,-0.4837613046000877,-0.6126398420036874,1.0811595003718362,1.0944983646724256,1,3,1,1
2,1,2,6,4,3,4,6,2,1,3,6,6,3,4,3,6,3,7,1,4,4,4,4,432,4,4,16,10,16,8,0.20701916725949737,0.6851122368836904,0.14458372665632088,-1.4911030730801618,-0.9804353996610108,-2.105774503459621,0,3,2,1
3,2,2,6,4,2,6,6,6,4,6,1,1,2,2,2,2,2,6,7,5,6,6,2,251,7,2,10,6,19,9,-0.44508354412406614,-0.630178880522366,-0.6932096483522239,-0.832255649772806,-0.6368362496555363,1.0944983646724256,1,3,1,1
3,2,2,6,4,2,5,4,5,4,6,3,3,7,5,6,6,7,2,4,4,4,6,5,64,5,5,15,18,19,10,-1.118802919973383,0.46589705064934767,1.8201704766734104,-0.832255649772806,-0.29323709965006184,-0.5056380693935977,1,3,1,1
4,2,2,6,4,2,6,6,5,5,4,2,2,3,3,6,6,5,5,6,5,5,6,6,154,6,6,16,12,22,12,-0.7945529529870808,0.6851122368836904,0.5634804141605932,-0.17340822646545023,0.3939612003608871,0.5611195533170845,1,3,1,1
5,2,2,2,3,2,2,3,2,2,1,1,1,1,1,1,7,6,7,6,7,7,7,7,678,7,7,20,3,28,14,1.0933024103553903,1.5619729818210613,-1.3215546796086324,1.1442866201492612,1.0811595003718362,0.5611195533170845,1,2,1,1
2,2,1,3,4,1,2,3,2,3,3,1,1,1,2,1,7,7,7,7,7,7,7,7,426,7,1,21,4,28,8,0.18540250279374387,1.781188168055404,-1.1121063358564962,1.1442866201492612,-0.9804353996610108,1.0944983646724256,1,3,0,0
2,2,2,3,4,1,1,2,2,2,2,2,2,1,1,1,7,7,6,4,7,7,7,7,462,7,1,20,3,28,8,0.3151024895882648,1.5619729818210613,-1.3215546796086324,1.1442866201492612,-0.9804353996610108,-0.5056380693935977,1,3,0,1
6,2,2,1,3,4,3,4,2,2,4,4,4,3,4,4,3,3,4,3,5,5,5,4,563,3,3,10,11,19,6,0.6789830080951151,-0.630178880522366,0.3540320704084571,-0.832255649772806,-1.6676336996719598,-1.0390168807489388,1,2,3,1
3,2,2,3,4,2,3,4,1,3,3,1,1,1,2,1,5,1,4,6,7,7,6,6,327,7,6,10,4,26,13,-0.17127246089118864,-0.630178880522366,-1.1121063358564962,0.7050550046110241,0.7375603503663616,0.5611195533170845,1,3,1,1
2,2,1,2,3,6,6,5,2,1,6,5,5,4,4,4,2,2,2,3,3,4,3,3,471,5,4,6,12,13,9,0.347527486286895,-1.507039625459737,0.5634804141605932,-2.1499504963875173,-0.6368362496555363,-1.0390168807489388,1,2,5,0
3,2,2,3,3,2,2,3,2,4,3,1,1,2,1,1,4,3,6,7,6,7,6,6,243,7,6,13,4,25,13,-0.47390576341173746,0.0274666781806622,-1.1121063358564962,0.4854391968419055,0.7375603503663616,1.0944983646724256,1,2,1,1
3,2,2,3,4,2,4,3,1,1,3,1,1,1,1,1,6,2,3,6,7,7,6,6,174,7,7,11,3,26,14,-0.7224974047679026,-0.41096369428802326,-1.3215546796086324,0.7050550046110241,1.0811595003718362,0.5611195533170845,1,3,1,1
4,2,2,4,3,1,1,2,1,1,2,1,1,1,1,2,7,6,7,6,7,7,7,7,274,7,7,20,4,28,14,-0.3622196636720111,1.5619729818210613,-1.1121063358564962,1.1442866201492612,1.0811595003718362,0.5611195533170845,1,2,0,1
3,1,2,2,3,2,2,4,3,2,4,1,1,1,1,2,5,3,6,5,7,6,7,6,423,6,6,14,4,26,12,0.17459417056086712,0.24668186441500492,-1.1121063358564962,0.7050550046110241,0.3939612003608871,0.02774074196174343,0,2,1,1
5,2,3,4,4,1,1,3,1,1,2,1,1,1,1,2,5,3,4,7,7,7,7,7,178,7,1,12,4,28,8,-0.7080862951240668,-0.19174850805368054,-1.1121063358564962,1.1442866201492612,-0.9804353996610108,1.0944983646724256,1,3,0,2
3,2,2,3,4,2,3,4,2,1,3,1,1,1,1,1,5,4,2,7,6,6,6,7,843,7,6,11,3,25,13,1.6877606831636112,-0.41096369428802326,-1.3215546796086324,0.4854391968419055,0.7375603503663616,1.0944983646724256,1,3,1,1
2,2,1,2,4,6,6,1,5,4,3,2,2,7,7,7,2,2,1,1,4,4,3,3,4,7,5,5,21,14,12,-1.3349695646309179,-1.7262548116940797,2.448515507929819,-1.930334688618399,0.3939612003608871,-2.105774503459621,1,3,5,0
3,2,2,3,3,2,3,3,1,2,3,1,1,1,1,2,2,1,1,6,7,6,6,6,734,6,7,4,4,25,13,1.2950579453690896,-1.9454699979284225,-1.1121063358564962,0.4854391968419055,0.7375603503663616,0.5611195533170845,1,2,1,1
5,2,2,2,4,2,3,3,5,2,1,3,3,5,5,5,5,5,4,1,5,5,7,5,1,4,3,14,15,22,7,-1.3457778968637948,0.24668186441500492,1.1918254454170019,-0.17340822646545023,-1.3240345496664854,-2.105774503459621,1,3,1,1
5,2,2,4,4,1,2,2,1,1,2,1,1,1,1,2,7,6,7,7,7,7,7,7,871,7,1,20,4,28,8,1.7886384506704607,1.5619729818210613,-1.1121063358564962,1.1442866201492612,-0.9804353996610108,1.0944983646724256,1,3,0,1
2,2,1,3,3,2,1,1,1,1,1,1,1,1,1,1,7,7,7,6,7,7,6,7,264,7,1,21,3,27,8,-0.39824743778160027,1.781188168055404,-1.3215546796086324,0.9246708123801427,-0.9804353996610108,0.5611195533170845,1,2,1,0
3,2,2,3,4,2,4,3,2,2,4,1,1,1,2,1,4,2,5,7,7,6,6,7,724,6,6,11,4,26,12,1.2590301712595002,-0.41096369428802326,-1.1121063358564962,0.7050550046110241,0.3939612003608871,1.0944983646724256,1,3,1,1
3,1,2,3,4,6,2,4,1,2,4,1,1,2,1,1,2,1,5,6,6,6,7,7,387,7,6,8,4,26,13,0.04489418376634621,-1.0686092529910514,-1.1121063358564962,0.7050550046110241,0.7375603503663616,0.5611195533170845,0,3,5,1
3,2,2,3,3,3,5,4,3,3,3,5,5,5,4,4,4,5,4,5,6,3,6,4,8,5,3,13,13,19,8,-1.3205584549870824,0.0274666781806622,0.7729287579127294,-0.832255649772806,-0.9804353996610108,0.02774074196174343,1,2,2,1
4,2,2,3,4,2,5,4,6,4,4,5,5,6,5,5,4,4,6,5,6,5,5,7,586,6,6,14,16,23,12,0.7618468885471702,0.24668186441500492,1.401273789169138,0.04620758130366836,0.3939612003608871,0.02774074196174343,1,3,1,1
4,1,2,4,3,3,3,3,4,5,3,4,4,3,3,4,4,4,3,6,5,4,4,6,153,6,4,11,10,19,10,-0.7981557303980398,-0.41096369428802326,0.14458372665632088,-0.832255649772806,-0.29323709965006184,0.5611195533170845,0,2,2,1
3,2,2,3,3,1,3,3,5,5,4,6,6,4,3,5,3,3,3,6,4,7,4,6,478,6,5,9,12,21,11,0.37274692816360744,-0.8493940667567087,0.5634804141605932,-0.39302403423456883,0.050362050355412635,0.5611195533170845,1,2,0,1
2,2,1,2,2,2,2,3,3,4,4,3,3,3,3,2,3,5,4,4,3,2,3,5,462,3,3,12,8,13,6,0.3151024895882648,-0.19174850805368054,-0.2743129608479515,-2.1499504963875173,-1.6676336996719598,-0.5056380693935977,1,1,1,0
3,2,2,4,3,3,6,5,5,5,6,5,5,4,5,5,5,6,5,6,7,4,7,6,314,5,6,16,14,24,11,-0.21810856723365452,0.6851122368836904,0.9823771016648657,0.26582338907278696,0.050362050355412635,0.5611195533170845,1,2,2,1
4,2,2,4,4,3,4,5,4,4,6,5,5,4,5,4,5,6,5,6,3,6,6,4,642,5,5,16,13,19,10,0.9636024235608693,0.6851122368836904,0.7729287579127294,-0.832255649772806,-0.29323709965006184,0.5611195533170845,1,3,2,1
3,2,2,4,3,3,3,3,4,4,5,3,3,6,6,3,6,5,5,6,3,6,6,5,472,7,3,16,15,20,10,0.35113026369785394,0.6851122368836904,1.1918254454170019,-0.6126398420036874,-0.29323709965006184,0.5611195533170845,1,2,2,1
4,2,2,3,2,3,4,4,5,6,5,5,5,2,4,3,3,4,3,6,6,3,3,6,658,6,5,10,9,18,11,1.021246862136212,-0.630178880522366,-0.0648646170958153,-1.0518714575419246,0.050362050355412635,0.5611195533170845,1,1,2,1
4,2,2,2,3,2,5,4,5,4,5,6,6,1,2,1,7,5,6,5,7,7,7,7,682,7,7,18,4,28,14,1.1077135199992258,1.123542609352376,-1.1121063358564962,1.1442866201492612,1.0811595003718362,0.02774074196174343,1,2,1,1
2,2,1,1,4,6,2,2,2,2,2,2,2,4,4,3,6,7,6,1,1,4,6,2,43,5,5,19,11,13,10,-1.1944612456035204,1.3427577955867187,0.3540320704084571,-2.1499504963875173,-0.29323709965006184,-2.105774503459621,1,3,5,0
4,1,2,2,3,5,5,4,3,5,2,3,3,2,2,3,1,2,3,2,5,6,4,6,5,3,3,6,7,21,6,-1.331366787219959,-1.507039625459737,-0.4837613046000877,-0.39302403423456883,-1.6676336996719598,-1.5723956921042799,0,2,4,1
4,2,2,4,3,2,1,1,1,1,2,1,1,1,1,1,7,5,7,5,7,7,7,7,187,7,1,19,3,28,8,-0.6756612984254367,1.3427577955867187,-1.3215546796086324,1.1442866201492612,-0.9804353996610108,0.02774074196174343,1,2,1,1
2,2,1,3,3,2,1,1,1,2,2,1,1,1,1,2,6,5,7,6,7,7,7,6,546,7,1,18,4,27,8,0.6177357921088136,1.123542609352376,-1.1121063358564962,0.9246708123801427,-0.9804353996610108,0.5611195533170845,1,2,1,0
4,1,2,2,4,2,4,5,5,4,3,4,4,5,5,5,5,5,5,2,4,4,4,5,32,2,6,15,15,17,8,-1.2340917971240684,0.46589705064934767,1.1918254454170019,-1.2714872653110432,-0.9804353996610108,-1.5723956921042799,0,3,1,1
3,1,2,2,3,1,5,5,4,4,4,4,4,4,3,4,4,4,3,3,6,6,5,5,8,5,6,11,11,22,11,-1.3205584549870824,-0.41096369428802326,0.3540320704084571,-0.17340822646545023,0.050362050355412635,-1.0390168807489388,0,2,0,1
3,2,2,2,3,3,5,4,4,4,5,5,5,3,4,4,5,4,4,4,5,5,4,6,6,5,6,13,11,20,11,-1.3277640098090002,0.0274666781806622,0.3540320704084571,-0.6126398420036874,0.050362050355412635,-0.5056380693935977,1,2,2,1
2,2,1,3,3,3,1,1,1,3,1,1,1,1,1,2,6,7,7,6,7,7,7,7,257,7,1,20,4,28,8,-0.42346687965831264,1.5619729818210613,-1.1121063358564962,1.1442866201492612,-0.9804353996610108,0.5611195533170845,1,2,2,0
3,1,2,2,4,1,3,5,3,4,4,4,4,4,3,4,6,5,5,4,5,4,4,5,1,5,5,16,11,18,10,-1.3457778968637948,0.6851122368836904,0.3540320704084571,-1.0518714575419246,-0.29323709965006184,-0.5056380693935977,0,3,0,1
3,2,2,3,4,2,3,3,2,1,3,1,1,1,1,1,6,5,5,7,7,6,6,6,278,6,7,16,3,25,13,-0.34780855402817545,0.6851122368836904,-1.3215546796086324,0.4854391968419055,0.7375603503663616,1.0944983646724256,1,3,1,1
3,1,2,3,4,2,2,3,2,1,3,2,2,1,1,2,4,1,3,6,6,6,7,7,324,6,6,8,4,26,12,-0.1820807931240654,-1.0686092529910514,-1.1121063358564962,0.7050550046110241,0.3939612003608871,0.5611195533170845,0,3,1,1
3,2,2,3,2,2,3,4,4,4,5,5,5,4,5,6,5,6,4,5,6,5,6,5,427,5,6,15,15,22,11,0.18900528020470278,0.46589705064934767,1.1918254454170019,-0.17340822646545023,0.050362050355412635,0.02774074196174343,1,1,1,1
2,1,2,2,3,2,2,4,3,2,5,3,3,3,4,4,4,3,3,3,3,5,3,5,738,4,3,10,11,16,7,1.309469055012925,-0.630178880522366,0.3540320704084571,-1.4911030730801618,-1.3240345496664854,-1.0390168807489388,0,2,1,1
4,1,2,3,3,2,5,4,3,4,3,4,4,6,5,4,3,4,3,6,5,7,6,4,624,3,4,10,15,22,7,0.898752430163609,-0.630178880522366,1.1918254454170019,-0.17340822646545023,-1.3240345496664854,0.5611195533170845,0,2,1,1
2,2,1,2,4,2,4,4,3,3,5,3,3,3,5,4,3,4,5,3,6,3,3,5,367,4,6,12,12,17,10,-0.02716136445283207,-0.19174850805368054,0.5634804141605932,-1.2714872653110432,-0.29323709965006184,-1.0390168807489388,1,3,1,0
3,2,2,3,1,3,5,4,3,4,5,6,6,3,4,4,5,4,3,3,4,7,4,7,318,6,5,12,11,22,11,-0.20369745758981886,-0.19174850805368054,0.3540320704084571,-0.17340822646545023,0.050362050355412635,-1.0390168807489388,1,0,2,1
5,2,2,4,4,1,1,1,1,1,1,1,1,1,1,2,6,5,5,6,7,7,7,7,187,7,2,16,4,28,9,-0.6756612984254367,0.6851122368836904,-1.1121063358564962,1.1442866201492612,-0.6368362496555363,0.5611195533170845,1,3,0,1
3,1,2,2,3,2,2,3,2,2,3,1,1,1,1,2,5,2,5,6,7,7,7,6,248,6,5,12,4,27,11,-0.4558918763569429,-0.19174850805368054,-1.1121063358564962,0.9246708123801427,0.050362050355412635,0.5611195533170845,0,2,1,1
3,2,2,3,3,2,5,6,5,2,3,4,4,3,4,2,4,2,3,2,6,4,3,5,732,3,3,9,9,18,6,1.2878523905471717,-0.8493940667567087,-0.0648646170958153,-1.0518714575419246,-1.6676336996719598,-1.5723956921042799,1,2,1,1
2,2,2,2,3,2,4,4,3,4,5,3,3,6,5,3,4,4,3,2,4,5,5,5,852,4,3,11,14,19,7,1.7201856798622415,-0.41096369428802326,0.9823771016648657,-0.832255649772806,-1.3240345496664854,-1.5723956921042799,1,2,1,1
4,2,2,3,4,3,3,3,4,6,4,5,5,4,4,5,4,3,5,4,3,5,5,3,178,3,3,12,13,16,6,-0.7080862951240668,-0.19174850805368054,0.7729287579127294,-1.4911030730801618,-1.6676336996719598,-0.5056380693935977,1,3,2,1
4,2,2,4,3,3,4,5,5,3,5,6,6,6,4,3,5,5,5,6,4,5,4,5,342,4,4,15,13,18,8,-0.11723079972680493,0.46589705064934767,0.7729287579127294,-1.0518714575419246,-0.9804353996610108,0.5611195533170845,1,2,2,1
4,2,2,3,3,3,4,3,3,5,4,5,5,5,4,3,4,5,3,6,4,6,4,7,287,4,6,12,12,21,10,-0.3153835573295452,-0.19174850805368054,0.5634804141605932,-0.39302403423456883,-0.29323709965006184,0.5611195533170845,1,2,2,1
4,2,2,3,3,3,4,3,4,6,3,4,4,5,6,3,6,6,5,5,6,7,5,7,637,5,5,17,14,25,10,0.9455885365060748,0.9043274231180332,0.9823771016648657,0.4854391968419055,-0.29323709965006184,0.02774074196174343,1,2,2,1
5,2,2,5,4,1,1,1,1,1,1,1,1,1,1,1,7,7,7,6,7,7,7,7,817,7,1,21,3,28,8,1.5940884704786793,1.781188168055404,-1.3215546796086324,1.1442866201492612,-0.9804353996610108,0.5611195533170845,1,3,0,1
5,2,2,4,3,2,1,1,1,1,1,1,1,1,1,1,7,6,7,6,7,7,7,7,871,7,7,20,3,28,14,1.7886384506704607,1.5619729818210613,-1.3215546796086324,1.1442866201492612,1.0811595003718362,0.5611195533170845,1,2,1,1
5,2,2,2,3,3,5,2,4,2,5,2,2,3,3,3,3,6,3,5,6,6,6,7,218,7,7,12,9,25,14,-0.5639751986857103,-0.19174850805368054,-0.0648646170958153,0.4854391968419055,1.0811595003718362,0.02774074196174343,1,2,2,1
3,2,2,3,4,2,4,5,3,1,3,1,1,1,1,1,4,3,4,6,7,6,6,6,342,6,7,11,3,25,13,-0.11723079972680493,-0.41096369428802326,-1.3215546796086324,0.4854391968419055,0.7375603503663616,0.5611195533170845,1,3,1,1
4,2,2,4,4,2,1,1,1,1,1,1,1,1,1,1,7,5,7,7,7,7,7,7,827,7,7,19,3,28,14,1.6301162445882684,1.3427577955867187,-1.3215546796086324,1.1442866201492612,1.0811595003718362,1.0944983646724256,1,3,1,1
3,2,2,2,3,3,2,2,3,3,2,2,2,4,5,4,3,3,4,4,4,6,4,5,1,6,6,10,13,19,12,-1.3457778968637948,-0.630178880522366,0.7729287579127294,-0.832255649772806,0.3939612003608871,-0.5056380693935977,1,2,2,1
3,2,2,2,3,2,2,4,2,1,5,1,1,2,1,2,4,2,5,7,6,6,6,7,482,5,6,11,5,25,11,0.38715803780744307,-0.41096369428802326,-0.90265799210436,0.4854391968419055,0.050362050355412635,1.0944983646724256,1,2,1,1
2,2,1,5,4,2,1,1,1,1,1,1,1,1,1,1,7,7,7,5,7,7,7,7,426,6,7,21,3,28,13,0.18540250279374387,1.781188168055404,-1.3215546796086324,1.1442866201492612,0.7375603503663616,0.02774074196174343,1,3,1,0
3,2,2,3,3,2,2,4,3,2,5,1,1,2,2,1,6,4,5,6,6,6,5,6,342,6,7,15,5,23,13,-0.11723079972680493,0.46589705064934767,-0.90265799210436,0.04620758130366836,0.7375603503663616,0.5611195533170845,1,2,1,1
3,2,2,3,4,1,3,5,2,2,4,1,1,1,2,1,5,2,5,6,6,6,7,6,827,7,6,12,4,25,13,1.6301162445882684,-0.19174850805368054,-1.1121063358564962,0.4854391968419055,0.7375603503663616,0.5611195533170845,1,3,0,1
3,2,2,2,4,2,2,3,1,2,3,1,1,1,1,1,3,4,3,5,6,6,7,7,743,5,6,10,3,26,11,1.3274829420677197,-0.630178880522366,-1.3215546796086324,0.7050550046110241,0.050362050355412635,0.02774074196174343,1,3,1,1
3,1,2,3,4,2,2,4,3,1,4,1,1,1,1,1,6,5,6,7,6,6,7,7,432,6,6,17,3,26,12,0.20701916725949737,0.9043274231180332,-1.3215546796086324,0.7050550046110241,0.3939612003608871,1.0944983646724256,0,3,1,1
5,2,2,2,3,2,4,3,4,4,4,5,5,4,3,4,5,4,4,3,6,4,4,5,8,5,4,13,11,19,9,-1.3205584549870824,0.0274666781806622,0.3540320704084571,-0.832255649772806,-0.6368362496555363,-1.0390168807489388,1,2,1,1
3,2,2,6,4,2,1,1,3,3,3,1,1,5,3,3,3,2,2,7,7,7,7,7,18,7,7,7,11,28,14,-1.2845306808774932,-1.2878244392253941,0.3540320704084571,1.1442866201492612,1.0811595003718362,1.0944983646724256,1,3,1,1
2,2,1,4,3,2,1,1,1,1,1,1,1,1,1,1,6,6,6,6,7,7,7,7,627,7,7,18,3,28,14,0.9095607623964856,1.123542609352376,-1.3215546796086324,1.1442866201492612,1.0811595003718362,0.5611195533170845,1,2,1,0
4,2,2,5,4,1,2,3,1,1,1,1,1,1,1,1,6,6,5,5,7,7,7,6,864,6,7,17,3,27,13,1.7634190087937482,0.9043274231180332,-1.3215546796086324,0.9246708123801427,0.7375603503663616,0.02774074196174343,1,3,0,1
5,2,2,4,3,2,1,1,1,1,1,1,1,1,1,1,5,6,5,7,7,7,7,7,178,7,6,16,3,28,13,-0.7080862951240668,0.6851122368836904,-1.3215546796086324,1.1442866201492612,0.7375603503663616,1.0944983646724256,1,2,1,1
2,2,1,4,3,2,1,1,2,3,1,1,1,1,1,2,7,7,7,7,7,7,7,5,546,6,7,21,4,26,13,0.6177357921088136,1.781188168055404,-1.1121063358564962,0.7050550046110241,0.7375603503663616,1.0944983646724256,1,2,1,0
2,2,1,2,3,3,5,5,5,4,5,5,5,6,5,6,6,6,6,5,5,6,5,6,6,6,6,18,17,22,12,-1.3277640098090002,1.123542609352376,1.6107221329212742,-0.17340822646545023,0.3939612003608871,0.02774074196174343,1,2,2,0
5,2,2,5,4,1,2,2,1,1,1,1,1,1,1,1,6,7,6,6,7,7,7,7,718,6,7,19,3,28,13,1.2374135067937468,1.3427577955867187,-1.3215546796086324,1.1442866201492612,0.7375603503663616,0.5611195533170845,1,3,0,1
6,2,2,4,3,3,2,2,1,1,1,1,1,1,1,1,7,7,7,6,7,6,7,7,327,7,7,21,3,27,14,-0.17127246089118864,1.781188168055404,-1.3215546796086324,0.9246708123801427,1.0811595003718362,0.5611195533170845,1,2,2,1
5,2,2,5,4,1,1,1,1,1,1,1,1,1,1,1,7,7,7,7,7,7,7,7,781,7,7,21,3,28,14,1.4643884836841585,1.781188168055404,-1.3215546796086324,1.1442866201492612,1.0811595003718362,1.0944983646724256,1,3,0,1
4,2,2,3,4,1,5,3,2,2,3,3,3,6,6,5,6,7,6,4,4,5,4,5,1,5,6,19,17,18,11,-1.3457778968637948,1.3427577955867187,1.6107221329212742,-1.0518714575419246,0.050362050355412635,-0.5056380693935977,1,3,0,1
3,1,2,2,4,1,3,2,3,3,3,2,2,4,5,4,4,3,4,2,4,4,4,4,1,4,4,11,13,16,8,-1.3457778968637948,-0.41096369428802326,0.7729287579127294,-1.4911030730801618,-0.9804353996610108,-1.5723956921042799,0,3,0,1
5,2,2,3,4,3,4,3,4,3,3,5,5,6,6,6,5,5,4,4,5,4,4,3,2,5,6,14,18,16,11,-1.3421751194528357,0.24668186441500492,1.8201704766734104,-1.4911030730801618,0.050362050355412635,-0.5056380693935977,1,3,2,1
4,2,2,5,4,1,1,1,1,1,1,1,1,1,1,2,5,5,6,7,7,7,7,7,712,7,6,16,4,28,13,1.2157968423279935,0.6851122368836904,-1.1121063358564962,1.1442866201492612,0.7375603503663616,1.0944983646724256,1,3,0,1
5,2,2,1,3,3,4,4,3,3,3,4,4,4,4,4,3,3,3,4,4,5,5,5,671,4,3,9,12,19,7,1.068082968478678,-0.8493940667567087,0.5634804141605932,-0.832255649772806,-1.3240345496664854,-0.5056380693935977,1,2,2,1
3,1,2,2,3,5,2,2,1,2,1,2,2,5,6,5,5,4,4,1,5,4,4,3,873,3,3,13,16,16,6,1.7958440054923785,0.0274666781806622,1.401273789169138,-1.4911030730801618,-1.6676336996719598,-2.105774503459621,0,2,4,1
5,2,2,2,3,3,3,4,4,4,4,3,3,3,3,3,5,5,4,3,3,4,4,6,4,5,5,14,9,17,10,-1.3349695646309179,0.24668186441500492,-0.0648646170958153,-1.2714872653110432,-0.29323709965006184,-1.0390168807489388,1,2,2,1
5,2,2,2,3,2,4,4,5,5,4,4,4,5,3,3,5,4,4,3,4,4,4,4,18,4,4,13,11,16,8,-1.2845306808774932,0.0274666781806622,0.3540320704084571,-1.4911030730801618,-0.9804353996610108,-1.0390168807489388,1,2,1,1
4,2,2,5,4,2,1,1,1,1,1,1,1,2,1,1,7,7,7,6,7,6,7,7,271,7,7,21,4,27,14,-0.37302799590488783,1.781188168055404,-1.1121063358564962,0.9246708123801427,1.0811595003718362,0.5611195533170845,1,3,1,1
4,2,2,2,3,3,2,3,1,2,1,2,2,5,4,5,3,5,5,4,5,5,5,5,21,5,5,13,14,20,10,-1.2737223486446165,0.0274666781806622,0.9823771016648657,-0.6126398420036874,-0.29323709965006184,-0.5056380693935977,1,2,2,1
3,1,2,3,4,1,5,4,5,3,5,4,4,5,5,6,6,5,5,4,4,4,4,4,16,5,5,16,16,16,10,-1.291736235699411,0.6851122368836904,1.401273789169138,-1.4911030730801618,-0.29323709965006184,-0.5056380693935977,0,3,0,1
4,2,2,3,5,1,4,2,1,1,1,2,2,5,4,5,5,6,6,4,5,6,5,4,21,5,5,17,14,20,10,-1.2737223486446165,0.9043274231180332,0.9823771016648657,-0.6126398420036874,-0.29323709965006184,-0.5056380693935977,1,4,0,1
4,2,2,2,3,1,3,3,4,4,6,5,5,5,4,3,5,6,4,4,6,5,4,7,682,4,5,15,12,22,9,1.1077135199992258,0.46589705064934767,0.5634804141605932,-0.17340822646545023,-0.6368362496555363,-0.5056380693935977,1,2,0,1
4,2,2,2,3,3,2,2,3,3,4,4,4,3,4,2,7,7,5,1,3,5,2,4,165,5,4,19,9,14,9,-0.7549224014665328,1.3427577955867187,-0.0648646170958153,-1.930334688618399,-0.6368362496555363,-2.105774503459621,1,2,2,1
3,2,2,2,3,1,2,3,2,1,3,3,3,5,5,4,3,2,2,4,5,4,5,4,41,4,6,7,14,18,10,-1.201666800425438,-1.2878244392253941,0.9823771016648657,-1.0518714575419246,-0.29323709965006184,-0.5056380693935977,1,2,0,1
3,1,2,2,4,1,5,2,2,1,1,2,2,7,7,6,5,5,6,5,4,5,4,5,81,5,5,16,20,18,10,-1.0575557039870815,0.6851122368836904,2.239067164177683,-1.0518714575419246,-0.29323709965006184,0.02774074196174343,0,3,0,1
3,2,2,3,3,2,3,3,2,4,2,2,2,3,2,3,4,3,2,1,3,4,5,4,635,4,5,9,8,16,9,0.938382981684157,-0.8493940667567087,-0.2743129608479515,-1.4911030730801618,-0.6368362496555363,-2.105774503459621,1,2,1,1
5,2,2,2,3,3,4,3,4,1,2,2,2,3,2,5,3,6,5,2,6,4,1,4,372,3,5,14,10,15,8,-0.0091474773980375,0.24668186441500492,0.14458372665632088,-1.7107188808492804,-0.9804353996610108,-1.5723956921042799,1,2,2,1
5,2,2,2,4,3,4,3,2,3,2,2,2,2,3,3,3,2,4,1,3,6,4,5,6,4,4,9,8,18,8,-1.3277640098090002,-0.8493940667567087,-0.2743129608479515,-1.0518714575419246,-0.9804353996610108,-2.105774503459621,1,3,2,1
4,2,2,3,3,3,3,2,3,3,2,2,2,5,6,5,5,2,5,4,5,4,4,5,641,5,6,12,16,18,11,0.9599996461499104,-0.19174850805368054,1.401273789169138,-1.0518714575419246,0.050362050355412635,-0.5056380693935977,1,2,2,1
2,1,2,2,4,1,2,3,1,2,2,2,2,3,5,5,5,4,4,5,6,4,4,4,18,5,5,13,13,18,10,-1.2845306808774932,0.0274666781806622,0.7729287579127294,-1.0518714575419246,-0.29323709965006184,0.02774074196174343,0,3,0,1
3,2,2,3,4,1,4,3,1,2,2,3,3,6,5,3,5,5,7,4,4,5,5,4,413,6,6,17,14,18,12,0.138566396451278,0.9043274231180332,0.9823771016648657,-1.0518714575419246,0.3939612003608871,-0.5056380693935977,1,3,0,1
3,2,2,2,3,3,3,2,2,1,3,3,3,6,6,5,4,5,4,4,4,6,4,3,26,6,6,13,17,17,12,-1.2557084615898217,0.0274666781806622,1.6107221329212742,-1.2714872653110432,0.3939612003608871,-0.5056380693935977,1,2,2,1
5,2,2,2,3,3,1,2,3,2,3,1,1,5,2,5,5,4,1,3,5,4,6,2,523,3,5,10,12,17,8,0.5348719116567585,-0.630178880522366,0.5634804141605932,-1.2714872653110432,-0.9804353996610108,-1.0390168807489388,1,2,2,1
5,2,2,2,3,1,2,3,5,2,5,4,4,3,5,3,4,3,5,2,4,5,2,6,756,5,2,12,11,17,7,1.3743190484101855,-0.19174850805368054,0.3540320704084571,-1.2714872653110432,-1.3240345496664854,-1.5723956921042799,1,2,0,1
5,2,2,2,3,3,2,3,3,4,4,2,2,3,4,2,3,3,4,1,3,5,4,6,4,3,2,10,9,18,5,-1.3349695646309179,-0.630178880522366,-0.0648646170958153,-1.0518714575419246,-2.0112328496774343,-2.105774503459621,1,2,2,1
5,2,2,2,3,3,4,2,2,4,4,5,5,4,3,3,5,4,5,3,5,2,6,4,285,4,6,14,10,17,10,-0.322589112151463,0.24668186441500492,0.14458372665632088,-1.2714872653110432,-0.29323709965006184,-1.0390168807489388,1,2,2,1
3,1,1,3,4,3,3,4,2,2,4,3,3,3,2,2,2,4,3,1,3,4,5,3,5,4,3,9,7,15,7,-1.331366787219959,-0.8493940667567087,-0.4837613046000877,-1.7107188808492804,-1.3240345496664854,-2.105774503459621,0,3,2,0
3,2,2,5,4,2,1,1,1,1,1,1,1,2,2,1,7,7,7,6,6,6,7,7,827,6,6,21,5,26,12,1.6301162445882684,1.781188168055404,-0.90265799210436,0.7050550046110241,0.3939612003608871,0.5611195533170845,1,3,1,1
2,2,2,4,4,3,1,1,1,1,1,1,1,1,1,1,6,7,7,5,7,7,6,7,267,6,7,20,3,27,13,-0.3874391055487235,1.5619729818210613,-1.3215546796086324,0.9246708123801427,0.7375603503663616,0.02774074196174343,1,3,2,1
2,2,1,4,3,2,2,1,1,1,1,1,1,1,1,1,5,5,6,6,7,7,7,7,762,6,6,16,3,28,12,1.395935712875939,0.6851122368836904,-1.3215546796086324,1.1442866201492612,0.3939612003608871,0.5611195533170845,1,2,1,0
4,2,2,4,3,2,2,1,1,1,2,1,1,1,1,1,7,7,7,6,7,7,7,7,871,7,7,21,3,28,14,1.7886384506704607,1.781188168055404,-1.3215546796086324,1.1442866201492612,1.0811595003718362,0.5611195533170845,1,2,1,1
4,2,2,5,4,2,1,1,1,1,1,1,1,1,1,1,6,7,7,7,7,7,7,7,714,7,6,20,3,28,13,1.223002397149911,1.5619729818210613,-1.3215546796086324,1.1442866201492612,0.7375603503663616,1.0944983646724256,1,3,1,1
2,1,2,2,3,2,3,4,4,4,5,3,3,3,4,5,3,4,3,6,5,6,6,6,873,5,4,10,12,23,9,1.7958440054923785,-0.630178880522366,0.5634804141605932,0.04620758130366836,-0.6368362496555363,0.5611195533170845,0,2,1,1
3,1,2,2,3,2,4,4,6,3,5,4,4,6,2,5,4,5,3,5,6,4,4,6,673,2,2,12,13,20,4,1.0752885233005958,-0.19174850805368054,0.7729287579127294,-0.6126398420036874,-2.354831999682909,0.02774074196174343,0,2,1,1
4,2,2,3,4,3,3,4,5,6,3,6,6,2,3,4,4,5,5,6,5,5,4,6,213,6,3,14,9,20,9,-0.5819890857405049,0.24668186441500492,-0.0648646170958153,-0.6126398420036874,-0.6368362496555363,0.5611195533170845,1,3,2,1
3,2,2,4,3,3,6,5,4,5,5,4,4,5,6,5,6,6,6,7,6,3,5,7,638,5,6,18,16,21,11,0.9491913139170337,1.123542609352376,1.401273789169138,-0.39302403423456883,0.050362050355412635,1.0944983646724256,1,2,2,1
3,2,2,4,4,3,4,2,2,3,3,4,4,3,4,3,2,3,2,4,3,5,3,5,268,4,2,7,10,16,6,-0.3838363281377646,-1.2878244392253941,0.14458372665632088,-1.4911030730801618,-1.6676336996719598,-0.5056380693935977,1,3,2,1
3,2,2,4,3,3,6,5,3,2,3,4,4,6,3,3,4,3,4,4,4,5,3,5,721,3,4,11,12,17,7,1.2482218390266235,-0.41096369428802326,0.5634804141605932,-1.2714872653110432,-1.3240345496664854,-0.5056380693935977,1,2,2,1
4,2,2,2,3,3,3,5,4,3,5,4,4,5,3,4,6,4,3,6,4,7,6,3,728,4,3,13,12,20,7,1.273441280903336,0.0274666781806622,0.5634804141605932,-0.6126398420036874,-1.3240345496664854,0.5611195533170845,1,2,2,1
4,2,2,3,2,2,4,4,4,4,3,5,5,4,5,3,3,3,3,3,3,6,6,4,437,5,4,9,12,19,9,0.22503305431429194,-0.8493940667567087,0.5634804141605932,-0.832255649772806,-0.6368362496555363,-1.0390168807489388,1,1,1,1
2,2,1,2,3,2,5,4,3,3,4,5,5,4,3,2,5,4,3,2,4,5,5,5,735,5,5,12,9,19,10,1.2986607227800484,-0.19174850805368054,-0.0648646170958153,-0.832255649772806,-0.29323709965006184,-1.5723956921042799,1,2,1,0
3,2,2,3,3,3,4,3,3,2,5,6,6,5,4,3,5,4,3,3,6,3,4,6,471,6,5,12,12,19,11,0.347527486286895,-0.19174850805368054,0.5634804141605932,-0.832255649772806,0.050362050355412635,-1.0390168807489388,1,2,2,1
2,2,1,3,3,2,4,6,6,5,4,6,6,3,2,5,5,5,4,3,4,7,6,4,463,6,6,14,10,21,12,0.3187052669992237,0.24668186441500492,0.14458372665632088,-0.39302403423456883,0.3939612003608871,-1.0390168807489388,1,2,1,0
4,2,2,2,2,2,4,5,4,4,5,4,4,2,2,3,5,5,5,3,4,4,2,5,1,5,5,15,7,15,10,-1.3457778968637948,0.46589705064934767,-0.4837613046000877,-1.7107188808492804,-0.29323709965006184,-1.0390168807489388,1,1,1,1
4,2,2,5,4,2,1,1,1,2,1,1,1,1,1,2,7,7,7,6,7,7,7,6,487,7,7,21,4,27,14,0.40517192486223763,1.781188168055404,-1.1121063358564962,0.9246708123801427,1.0811595003718362,0.5611195533170845,1,3,1,1
4,2,2,4,3,2,1,1,1,1,1,1,1,1,1,1,7,7,7,7,7,7,7,7,172,7,6,21,3,28,13,-0.7297029595898203,1.781188168055404,-1.3215546796086324,1.1442866201492612,0.7375603503663616,1.0944983646724256,1,2,1,1
3,2,1,2,3,3,2,3,2,3,2,4,4,2,2,3,4,3,3,1,3,5,3,6,56,2,4,10,7,17,6,-1.1476251392610544,-0.630178880522366,-0.4837613046000877,-1.2714872653110432,-1.6676336996719598,-2.105774503459621,1,2,2,0
4,1,1,2,4,5,3,2,3,2,3,2,2,2,3,2,3,4,2,3,4,5,4,5,6,3,3,9,7,18,6,-1.3277640098090002,-0.8493940667567087,-0.4837613046000877,-1.0518714575419246,-1.6676336996719598,-1.0390168807489388,0,3,4,0
3,2,2,2,3,3,4,5,4,5,4,5,5,4,5,5,6,5,5,6,6,6,6,5,2,6,6,16,14,23,12,-1.3421751194528357,0.6851122368836904,0.9823771016648657,0.04620758130366836,0.3939612003608871,0.5611195533170845,1,2,2,1
2,2,1,2,2,2,2,2,1,1,2,2,2,4,4,5,6,5,6,4,5,5,5,5,81,5,5,17,13,20,10,-1.0575557039870815,0.9043274231180332,0.7729287579127294,-0.6126398420036874,-0.29323709965006184,-0.5056380693935977,1,1,1,0
2,1,2,2,4,1,5,4,4,5,5,4,4,4,5,5,4,4,4,3,5,4,4,4,14,5,5,12,14,17,10,-1.2989417905213287,-0.19174850805368054,0.9823771016648657,-1.2714872653110432,-0.29323709965006184,-1.0390168807489388,0,3,0,1
2,2,2,2,3,1,2,2,1,1,1,3,3,6,6,5,4,3,3,4,4,5,5,4,41,5,4,10,17,18,9,-1.201666800425438,-0.630178880522366,1.6107221329212742,-1.0518714575419246,-0.6368362496555363,-0.5056380693935977,1,2,0,1
4,2,1,3,3,3,4,2,3,2,3,3,3,2,2,3,3,2,2,2,3,4,5,3,63,3,4,7,7,15,7,-1.122405697384342,-1.2878244392253941,-0.4837613046000877,-1.7107188808492804,-1.3240345496664854,-1.5723956921042799,1,2,2,0
4,2,2,2,4,3,2,2,3,2,4,4,4,3,2,2,2,3,4,2,4,5,3,4,64,3,4,9,7,16,7,-1.118802919973383,-0.8493940667567087,-0.4837613046000877,-1.4911030730801618,-1.3240345496664854,-1.5723956921042799,1,3,2,1
4,2,2,3,3,3,2,1,2,1,2,3,3,6,6,5,6,4,6,3,5,5,5,4,421,5,6,16,17,19,11,0.1673886157389493,0.6851122368836904,1.6107221329212742,-0.832255649772806,0.050362050355412635,-1.0390168807489388,1,2,2,1
4,2,2,2,3,3,3,2,2,2,4,5,5,3,2,2,4,3,2,3,3,6,4,3,46,3,4,9,7,16,7,-1.1836529133706435,-0.8493940667567087,-0.4837613046000877,-1.4911030730801618,-1.3240345496664854,-1.0390168807489388,1,2,2,1
4,1,2,2,3,2,3,5,4,2,2,3,3,5,2,2,3,2,2,3,3,5,4,6,87,4,4,7,9,18,8,-1.0359390395213282,-1.2878244392253941,-0.0648646170958153,-1.0518714575419246,-0.9804353996610108,-1.0390168807489388,0,2,1,1
4,2,1,2,3,3,3,4,2,5,4,2,2,3,4,2,5,3,2,2,3,6,5,4,6,5,3,10,9,18,8,-1.3277640098090002,-0.630178880522366,-0.0648646170958153,-1.0518714575419246,-0.9804353996610108,-1.5723956921042799,1,2,2,0
3,2,2,4,3,3,2,1,1,1,2,1,1,1,1,1,7,7,6,6,7,7,7,7,186,7,6,20,3,28,13,-0.6792640758363956,1.5619729818210613,-1.3215546796086324,1.1442866201492612,0.7375603503663616,0.5611195533170845,1,2,2,1
4,2,2,3,3,3,2,3,2,3,5,4,4,2,4,3,4,2,3,1,4,3,6,5,7,4,2,9,9,18,6,-1.3241612323980412,-0.8493940667567087,-0.0648646170958153,-1.0518714575419246,-1.6676336996719598,-2.105774503459621,1,2,2,1
5,2,2,2,3,2,4,2,3,5,4,5,5,5,4,4,6,3,4,4,5,1,6,5,524,3,3,13,13,17,6,0.5384746890677174,0.0274666781806622,0.7729287579127294,-1.2714872653110432,-1.6676336996719598,-0.5056380693935977,1,2,1,1
5,2,2,2,3,3,4,4,3,2,5,3,3,6,2,3,4,5,2,3,6,2,7,2,456,5,5,11,11,17,10,0.2934858251225113,-0.41096369428802326,0.3540320704084571,-1.2714872653110432,-0.29323709965006184,-1.0390168807489388,1,2,2,1
5,2,2,2,3,3,5,3,3,3,5,4,4,5,3,6,2,5,6,6,5,2,7,4,576,4,5,13,14,18,9,0.7258191144375811,0.0274666781806622,0.9823771016648657,-1.0518714575419246,-0.6368362496555363,0.5611195533170845,1,2,2,1
5,2,2,2,3,3,3,3,5,5,5,3,3,2,4,5,2,4,5,3,5,2,6,1,524,4,6,11,11,14,10,0.5384746890677174,-0.41096369428802326,0.3540320704084571,-1.930334688618399,-0.29323709965006184,-1.0390168807489388,1,2,2,1
5,2,2,2,3,1,1,5,5,3,4,5,5,4,2,7,5,1,7,5,5,4,3,7,257,3,5,13,13,19,8,-0.42346687965831264,0.0274666781806622,0.7729287579127294,-0.832255649772806,-0.9804353996610108,0.02774074196174343,1,2,0,1
2,2,1,5,4,2,1,1,1,1,1,1,1,1,1,1,6,7,7,5,7,7,7,7,246,7,7,20,3,28,14,-0.4630974311788607,1.5619729818210613,-1.3215546796086324,1.1442866201492612,1.0811595003718362,0.02774074196174343,1,3,1,0
2,2,1,4,3,2,1,1,1,1,1,1,1,1,1,1,7,7,7,7,7,7,7,7,546,7,7,21,3,28,14,0.6177357921088136,1.781188168055404,-1.3215546796086324,1.1442866201492612,1.0811595003718362,1.0944983646724256,1,2,1,0
4,2,2,3,3,3,4,3,4,5,4,4,4,5,4,3,3,5,5,6,5,6,7,5,174,6,5,13,12,23,11,-0.7224974047679026,0.0274666781806622,0.5634804141605932,0.04620758130366836,0.050362050355412635,0.5611195533170845,1,2,2,1
3,2,2,3,3,3,5,4,6,2,4,5,5,5,3,4,4,3,3,5,4,7,5,4,871,3,3,10,12,20,6,1.7886384506704607,-0.630178880522366,0.5634804141605932,-0.6126398420036874,-1.6676336996719598,0.02774074196174343,1,2,2,1
5,2,2,3,4,3,3,4,5,2,4,3,3,5,4,2,5,6,4,4,4,6,6,4,274,5,4,15,11,20,9,-0.3622196636720111,0.46589705064934767,0.3540320704084571,-0.6126398420036874,-0.6368362496555363,-0.5056380693935977,1,3,2,1
3,2,2,4,4,1,1,1,1,1,1,1,1,1,1,1,7,7,7,7,7,7,7,7,543,7,7,21,3,28,14,0.6069274598759369,1.781188168055404,-1.3215546796086324,1.1442866201492612,1.0811595003718362,1.0944983646724256,1,3,0,1
3,2,2,3,3,2,3,3,4,2,3,3,3,4,4,3,3,6,4,5,3,6,5,4,374,3,5,13,11,18,8,-0.0019419225761196709,0.0274666781806622,0.3540320704084571,-1.0518714575419246,-0.9804353996610108,0.02774074196174343,1,2,1,1
4,2,2,5,4,2,1,1,1,1,1,1,1,1,1,1,7,7,7,7,7,7,7,7,827,7,7,21,3,28,14,1.6301162445882684,1.781188168055404,-1.3215546796086324,1.1442866201492612,1.0811595003718362,1.0944983646724256,1,3,1,1
4,2,2,2,2,1,6,6,4,4,3,5,5,4,5,6,3,3,3,4,5,6,5,4,784,4,3,9,15,20,7,1.4751968159170352,-0.8493940667567087,1.1918254454170019,-0.6126398420036874,-1.3240345496664854,-0.5056380693935977,1,1,0,1
2,2,2,2,2,1,2,2,4,2,4,3,3,3,2,3,6,4,5,3,3,7,7,5,854,4,5,15,8,22,9,1.7273912346841591,0.46589705064934767,-0.2743129608479515,-0.17340822646545023,-0.6368362496555363,-1.0390168807489388,1,1,0,1
2,2,1,2,3,2,5,6,3,3,3,5,5,2,3,5,6,5,6,3,4,7,4,7,824,4,2,17,10,22,6,1.6193079123553917,0.9043274231180332,0.14458372665632088,-0.17340822646545023,-1.6676336996719598,-1.0390168807489388,1,2,1,0
2,2,2,4,3,2,1,1,1,1,1,1,1,1,1,1,7,7,7,6,7,7,7,7,267,7,7,21,3,28,14,-0.3874391055487235,1.781188168055404,-1.3215546796086324,1.1442866201492612,1.0811595003718362,0.5611195533170845,1,2,1,1
3,1,2,3,3,3,6,6,4,6,4,5,5,3,2,5,6,5,4,4,3,7,7,5,268,5,3,15,10,22,8,-0.3838363281377646,0.46589705064934767,0.14458372665632088,-0.17340822646545023,-0.9804353996610108,-0.5056380693935977,0,2,2,1
5,2,2,2,3,1,5,1,6,2,4,1,1,2,4,3,5,2,4,4,5,2,7,6,854,6,2,11,9,20,8,1.7273912346841591,-0.41096369428802326,-0.0648646170958153,-0.6126398420036874,-0.9804353996610108,-0.5056380693935977,1,2,0,1
3,2,2,3,3,3,4,3,3,5,6,5,5,2,3,5,2,2,3,3,6,2,3,6,368,3,3,7,10,17,6,-0.023558587041873157,-1.2878244392253941,0.14458372665632088,-1.2714872653110432,-1.6676336996719598,-1.0390168807489388,1,2,2,1
4,2,2,3,2,2,3,3,6,4,3,5,5,5,4,6,6,4,5,3,4,7,6,4,287,5,4,15,15,21,9,-0.3153835573295452,0.46589705064934767,1.1918254454170019,-0.39302403423456883,-0.6368362496555363,-1.0390168807489388,1,1,1,1
5,2,2,2,3,3,4,1,5,3,5,4,4,5,4,2,4,6,2,4,5,2,6,4,564,3,5,12,11,17,8,0.6825857855060741,-0.19174850805368054,0.3540320704084571,-1.2714872653110432,-0.9804353996610108,-0.5056380693935977,1,2,2,1
5,2,2,6,4,1,1,1,1,1,1,1,1,1,2,1,6,6,7,6,7,6,6,6,173,7,7,19,4,25,14,-0.7261001821788614,1.3427577955867187,-1.1121063358564962,0.4854391968419055,1.0811595003718362,0.5611195533170845,1,3,0,1
5,2,2,5,4,1,1,2,1,1,1,1,1,1,1,1,7,7,7,6,7,7,7,6,427,6,6,21,3,27,12,0.18900528020470278,1.781188168055404,-1.3215546796086324,0.9246708123801427,0.3939612003608871,0.5611195533170845,1,3,0,1
3,2,2,3,3,2,3,5,3,4,4,4,4,4,4,4,4,5,4,3,5,5,4,5,743,5,3,13,12,19,8,1.3274829420677197,0.0274666781806622,0.5634804141605932,-0.832255649772806,-0.9804353996610108,-1.0390168807489388,1,2,1,1
3,2,2,3,2,2,4,6,3,4,3,3,3,3,4,4,6,6,6,4,3,7,6,3,358,4,5,18,11,19,9,-0.0595863611514623,1.123542609352376,0.3540320704084571,-0.832255649772806,-0.6368362496555363,-0.5056380693935977,1,1,1,1
3,2,2,3,3,1,5,6,2,5,3,3,3,4,6,2,3,4,6,3,6,5,4,6,386,4,6,13,12,21,10,0.0412914063553873,0.0274666781806622,0.5634804141605932,-0.39302403423456883,-0.29323709965006184,-1.0390168807489388,1,2,0,1
2,2,1,2,3,2,3,3,2,4,3,3,3,5,6,6,4,4,5,4,5,7,6,5,236,5,3,13,17,23,8,-0.49912520528844984,0.0274666781806622,1.6107221329212742,0.04620758130366836,-0.9804353996610108,-0.5056380693935977,1,2,1,0
4,2,2,4,4,3,4,5,5,5,6,3,3,4,6,3,5,4,3,4,3,6,6,4,728,4,2,12,13,19,6,1.273441280903336,-0.19174850805368054,0.7729287579127294,-0.832255649772806,-1.6676336996719598,-0.5056380693935977,1,3,2,1
2,2,1,2,3,2,2,6,5,6,3,4,4,5,5,3,2,5,3,3,7,5,5,7,475,4,3,10,13,24,7,0.3619385959307307,-0.630178880522366,0.7729287579127294,0.26582338907278696,-1.3240345496664854,-1.0390168807489388,1,2,1,0
4,2,2,3,4,3,2,3,3,3,4,4,4,5,5,3,3,5,4,3,4,7,4,7,782,4,3,12,13,22,7,1.4679912610951174,-0.19174850805368054,0.7729287579127294,-0.17340822646545023,-1.3240345496664854,-1.0390168807489388,1,3,2,1
4,2,2,4,3,3,1,1,1,1,1,1,1,1,1,1,7,7,7,7,7,7,7,7,267,7,7,21,3,28,14,-0.3874391055487235,1.781188168055404,-1.3215546796086324,1.1442866201492612,1.0811595003718362,1.0944983646724256,1,2,2,1
3,2,2,3,2,2,3,3,5,5,3,3,3,6,6,3,3,3,5,4,4,7,6,4,837,3,6,11,15,21,9,1.6661440186978576,-0.41096369428802326,1.1918254454170019,-0.39302403423456883,-0.6368362496555363,-0.5056380693935977,1,1,1,1
4,2,2,3,3,1,3,6,2,4,3,4,4,6,5,4,3,4,3,6,7,3,6,5,314,4,5,10,15,21,9,-0.21810856723365452,-0.630178880522366,1.1918254454170019,-0.39302403423456883,-0.6368362496555363,0.5611195533170845,1,2,0,1
4,1,2,3,3,2,6,3,5,2,3,2,2,4,2,3,5,2,3,3,4,7,5,6,678,4,5,10,9,22,9,1.0933024103553903,-0.630178880522366,-0.0648646170958153,-0.17340822646545023,-0.6368362496555363,-1.0390168807489388,0,2,1,1
4,2,2,5,4,2,1,1,1,1,1,1,1,1,1,1,7,7,7,6,7,7,7,7,721,7,7,21,3,28,14,1.2482218390266235,1.781188168055404,-1.3215546796086324,1.1442866201492612,1.0811595003718362,0.5611195533170845,1,3,1,1
2,2,2,4,3,3,1,1,1,3,2,1,1,1,1,1,7,7,7,5,7,6,6,6,672,7,6,21,3,25,13,1.0716857458896367,1.781188168055404,-1.3215546796086324,0.4854391968419055,0.7375603503663616,0.02774074196174343,1,2,2,1
4,2,2,5,4,2,1,1,1,1,1,1,1,1,1,1,7,6,6,6,6,7,7,7,872,7,6,19,3,27,13,1.7922412280814197,1.3427577955867187,-1.3215546796086324,0.9246708123801427,0.7375603503663616,0.5611195533170845,1,3,1,1
3,2,2,3,4,2,2,4,3,1,3,1,1,2,1,2,4,4,5,7,6,6,7,7,728,7,6,13,5,26,13,1.273441280903336,0.0274666781806622,-0.90265799210436,0.7050550046110241,0.7375603503663616,1.0944983646724256,1,3,1,1
3,2,2,3,3,1,4,3,2,1,4,1,1,1,2,2,7,4,7,7,6,7,7,7,287,7,6,18,5,27,13,-0.3153835573295452,1.123542609352376,-0.90265799210436,0.9246708123801427,0.7375603503663616,1.0944983646724256,1,2,0,1
4,2,2,3,4,2,3,5,2,3,2,1,1,1,1,1,6,5,6,7,6,7,7,7,342,6,7,17,3,27,13,-0.11723079972680493,0.9043274231180332,-1.3215546796086324,0.9246708123801427,0.7375603503663616,1.0944983646724256,1,3,1,1
4,1,2,3,4,2,3,4,3,2,3,1,1,1,2,2,3,1,2,6,6,7,7,7,826,6,7,6,5,27,13,1.6265134671773096,-1.507039625459737,-0.90265799210436,0.9246708123801427,0.7375603503663616,0.5611195533170845,0,3,1,1
4,2,2,3,4,2,2,4,4,1,4,1,1,1,1,1,6,4,6,7,6,7,7,7,438,7,6,16,3,27,13,0.22863583172525084,0.6851122368836904,-1.3215546796086324,0.9246708123801427,0.7375603503663616,1.0944983646724256,1,3,1,1
4,2,2,3,4,2,2,2,4,1,3,1,1,1,1,1,7,5,7,6,6,6,7,7,278,6,6,19,3,26,12,-0.34780855402817545,1.3427577955867187,-1.3215546796086324,0.7050550046110241,0.3939612003608871,0.5611195533170845,1,3,1,1
3,2,2,2,3,2,2,4,2,2,3,1,1,2,2,2,3,2,3,6,6,7,7,5,823,6,7,8,6,25,13,1.615705134944433,-1.0686092529910514,-0.6932096483522239,0.4854391968419055,0.7375603503663616,0.5611195533170845,1,2,1,1
4,1,2,3,4,1,1,3,2,2,4,1,1,1,1,2,4,3,5,6,7,7,5,5,342,7,6,12,4,24,13,-0.11723079972680493,-0.19174850805368054,-1.1121063358564962,0.26582338907278696,0.7375603503663616,0.5611195533170845,0,3,0,1
3,2,2,3,3,2,2,3,3,1,4,1,1,2,2,1,6,4,5,5,6,6,7,7,378,6,7,15,5,26,13,0.012469187067715987,0.46589705064934767,-0.90265799210436,0.7050550046110241,0.7375603503663616,0.02774074196174343,1,2,1,1
5,2,2,2,3,3,3,1,6,6,6,1,1,1,2,2,6,6,1,6,5,6,7,6,341,1,2,13,5,24,3,-0.12083357713776384,0.0274666781806622,-0.90265799210436,0.26582338907278696,-2.6984311496883833,0.5611195533170845,1,2,2,1
4,2,2,6,4,3,5,6,4,3,2,1,1,3,2,2,3,2,3,5,7,6,7,7,481,4,6,8,7,27,10,0.3835552603964842,-1.0686092529910514,-0.4837613046000877,0.9246708123801427,-0.29323709965006184,0.02774074196174343,1,3,2,1
4,2,2,6,4,2,4,4,3,3,2,4,4,5,5,6,3,6,3,2,2,2,1,2,314,3,3,12,16,7,6,-0.21810856723365452,-0.19174850805368054,1.401273789169138,-3.467645343002229,-1.6676336996719598,-1.5723956921042799,1,3,1,1
4,2,2,3,4,2,2,4,4,2,3,1,1,1,1,1,2,1,1,7,7,7,6,6,742,6,6,4,3,26,12,1.3238801646567608,-1.9454699979284225,-1.3215546796086324,0.7050550046110241,0.3939612003608871,1.0944983646724256,1,3,1,1
4,2,2,2,4,2,4,4,4,5,6,4,4,3,1,2,6,4,3,4,5,5,6,4,167,3,6,13,6,20,9,-0.7477168466446149,0.0274666781806622,-0.6932096483522239,-0.6126398420036874,-0.6368362496555363,-0.5056380693935977,1,3,1,1
4,2,2,3,4,1,2,3,4,1,4,1,1,1,2,1,4,2,4,5,5,6,6,6,523,6,7,10,4,23,13,0.5348719116567585,-0.630178880522366,-1.1121063358564962,0.04620758130366836,0.7375603503663616,0.02774074196174343,1,3,0,1
3,2,2,3,4,2,3,1,2,2,2,1,1,1,3,1,1,1,2,5,6,6,5,7,438,6,7,4,5,24,13,0.22863583172525084,-1.9454699979284225,-0.90265799210436,0.26582338907278696,0.7375603503663616,0.02774074196174343,1,3,1,1
3,2,2,3,4,2,4,1,3,1,3,1,1,1,1,1,6,4,4,6,7,5,5,6,487,6,7,14,3,23,13,0.40517192486223763,0.24668186441500492,-1.3215546796086324,0.04620758130366836,0.7375603503663616,0.5611195533170845,1,3,1,1
4,2,2,3,3,2,4,1,3,2,4,1,1,2,2,1,6,3,6,7,5,5,7,5,832,5,7,15,5,22,12,1.648130131643063,0.46589705064934767,-0.90265799210436,-0.17340822646545023,0.3939612003608871,1.0944983646724256,1,2,1,1
4,2,2,5,3,2,4,3,4,3,3,2,2,2,2,2,5,6,5,6,6,6,6,6,251,7,7,16,6,24,14,-0.44508354412406614,0.6851122368836904,-0.6932096483522239,0.26582338907278696,1.0811595003718362,0.5611195533170845,1,2,1,1
6,2,2,3,4,4,4,1,4,3,2,2,2,3,3,5,6,6,6,5,5,6,7,7,124,5,6,18,11,25,11,-0.9026362753158482,1.123542609352376,0.3540320704084571,0.4854391968419055,0.050362050355412635,0.02774074196174343,1,3,3,1
5,2,2,6,4,2,6,5,5,5,3,3,3,2,3,4,2,2,5,6,5,5,6,6,714,6,6,9,9,22,12,1.223002397149911,-0.8493940667567087,-0.0648646170958153,-0.17340822646545023,0.3939612003608871,0.5611195533170845,1,3,1,1
2,2,1,2,4,2,4,1,6,6,6,1,1,5,6,2,6,6,1,6,1,5,5,6,127,6,6,13,13,17,12,-0.8918279430829715,0.0274666781806622,0.7729287579127294,-1.2714872653110432,0.3939612003608871,0.5611195533170845,1,3,1,0
4,2,2,5,3,3,4,5,6,3,2,5,5,5,3,4,6,5,6,6,6,7,6,6,4,6,5,17,12,25,11,-1.3349695646309179,0.9043274231180332,0.5634804141605932,0.4854391968419055,0.050362050355412635,0.5611195533170845,1,2,2,1
4,2,2,4,4,2,6,1,5,6,4,2,2,2,2,2,1,3,2,5,6,6,6,6,481,6,6,6,6,24,12,0.3835552603964842,-1.507039625459737,-0.6932096483522239,0.26582338907278696,0.3939612003608871,0.02774074196174343,1,3,1,1
4,2,2,6,3,2,4,4,4,2,3,1,1,5,3,3,2,3,2,7,7,7,7,7,415,7,7,7,11,28,14,0.1457719512731958,-1.2878244392253941,0.3540320704084571,1.1442866201492612,1.0811595003718362,1.0944983646724256,1,2,1,1
3,2,2,6,4,3,3,3,6,3,5,5,5,6,6,6,6,6,5,6,4,4,4,4,5,5,5,17,18,16,10,-1.331366787219959,0.9043274231180332,1.8201704766734104,-1.4911030730801618,-0.29323709965006184,0.5611195533170845,1,3,2,1
3,2,2,6,4,2,6,2,6,5,6,1,1,1,2,2,3,5,2,7,7,7,7,7,412,7,7,10,5,28,14,0.13496361904031906,-0.630178880522366,-0.90265799210436,1.1442866201492612,1.0811595003718362,1.0944983646724256,1,3,1,1
3,2,2,6,4,2,6,6,6,6,5,1,1,3,2,1,2,2,2,6,7,7,7,7,185,7,6,6,6,28,13,-0.6828668532473545,-1.507039625459737,-0.6932096483522239,1.1442866201492612,0.7375603503663616,0.5611195533170845,1,3,1,1
2,2,1,5,3,2,6,2,6,6,6,1,1,3,2,4,4,5,3,7,7,7,7,7,264,7,7,12,9,28,14,-0.39824743778160027,-0.19174850805368054,-0.0648646170958153,1.1442866201492612,1.0811595003718362,1.0944983646724256,1,2,1,0
3,2,2,2,3,2,3,1,4,1,5,4,4,2,2,3,6,5,2,1,4,5,7,5,1,5,5,13,7,21,10,-1.3457778968637948,0.0274666781806622,-0.4837613046000877,-0.39302403423456883,-0.29323709965006184,-2.105774503459621,1,2,1,1
2,2,1,3,4,2,1,3,5,6,6,3,3,3,2,2,6,5,6,5,7,7,7,7,714,7,7,17,7,28,14,1.223002397149911,0.9043274231180332,-0.4837613046000877,1.1442866201492612,1.0811595003718362,0.02774074196174343,1,3,1,0
4,2,2,5,4,3,4,1,5,4,6,6,6,2,3,2,1,3,2,4,6,7,7,6,8,6,6,6,7,26,12,-1.3205584549870824,-1.507039625459737,-0.4837613046000877,0.7050550046110241,0.3939612003608871,-0.5056380693935977,1,3,2,1
3,1,2,3,4,2,4,3,4,4,4,3,3,3,2,2,7,7,5,6,4,4,5,4,187,5,5,19,7,17,10,-0.6756612984254367,1.3427577955867187,-0.4837613046000877,-1.2714872653110432,-0.29323709965006184,0.5611195533170845,0,3,1,1
2,2,2,4,4,2,6,3,6,6,6,1,1,2,2,5,6,5,1,7,5,7,7,7,621,7,6,12,9,26,13,0.8879440979307321,-0.19174850805368054,-0.0648646170958153,0.7050550046110241,0.7375603503663616,1.0944983646724256,1,3,1,1
3,2,3,6,4,2,5,4,2,4,4,2,2,1,2,1,3,6,3,7,6,6,7,6,421,7,7,12,4,25,14,0.1673886157389493,-0.19174850805368054,-1.1121063358564962,0.4854391968419055,1.0811595003718362,1.0944983646724256,1,3,1,2
4,2,2,3,3,3,3,3,1,5,4,2,2,3,2,4,1,1,1,6,7,5,6,7,428,7,7,3,9,25,14,0.19260805761566172,-2.164685184162765,-0.0648646170958153,0.4854391968419055,1.0811595003718362,0.5611195533170845,1,2,2,1
5,2,2,3,3,3,2,4,1,3,4,1,1,1,2,1,1,2,2,6,6,7,6,7,472,7,7,5,4,26,14,0.35113026369785394,-1.7262548116940797,-1.1121063358564962,0.7050550046110241,1.0811595003718362,0.5611195533170845,1,2,2,1
4,1,2,2,3,3,3,3,3,1,4,1,1,2,2,1,2,2,2,6,7,7,6,7,82,7,7,6,5,27,14,-1.0539529265761227,-1.507039625459737,-0.90265799210436,0.9246708123801427,1.0811595003718362,0.5611195533170845,0,2,2,1
3,2,2,3,4,1,3,4,3,1,3,1,1,1,2,2,2,2,1,5,7,6,6,7,74,6,7,5,5,26,13,-1.082775145863794,-1.7262548116940797,-0.90265799210436,0.7050550046110241,0.7375603503663616,0.02774074196174343,1,3,0,1
3,1,2,2,4,1,4,2,2,1,4,1,1,2,1,2,2,1,2,6,7,7,7,6,82,7,7,5,5,27,14,-1.0539529265761227,-1.7262548116940797,-0.90265799210436,0.9246708123801427,1.0811595003718362,0.5611195533170845,0,3,0,1
3,2,2,2,3,3,3,4,4,1,3,1,1,2,2,1,2,1,2,6,7,7,7,6,7,6,7,5,5,27,13,-1.3241612323980412,-1.7262548116940797,-0.90265799210436,0.9246708123801427,0.7375603503663616,0.5611195533170845,1,2,2,1
4,2,2,3,3,3,3,2,3,1,3,1,1,1,2,1,2,7,6,6,7,6,7,7,7,7,7,15,4,27,14,-1.3241612323980412,0.46589705064934767,-1.1121063358564962,0.9246708123801427,1.0811595003718362,0.5611195533170845,1,2,2,1
3,2,2,3,3,3,3,2,2,1,3,1,1,1,2,1,2,2,1,6,7,6,7,7,27,7,7,5,4,27,14,-1.252105684178863,-1.7262548116940797,-1.1121063358564962,0.9246708123801427,1.0811595003718362,0.5611195533170845,1,2,2,1
3,1,1,2,4,2,4,4,1,1,4,1,1,2,1,2,1,2,2,5,7,7,7,7,72,7,7,5,5,28,14,-1.0899807006857118,-1.7262548116940797,-0.90265799210436,1.1442866201492612,1.0811595003718362,0.02774074196174343,0,3,1,0
4,2,2,3,3,3,4,4,2,1,4,2,2,2,2,1,2,1,2,4,7,7,7,7,82,7,7,5,5,28,14,-1.0539529265761227,-1.7262548116940797,-0.90265799210436,1.1442866201492612,1.0811595003718362,-0.5056380693935977,1,2,2,1
4,2,2,3,3,2,4,3,3,1,4,1,1,3,2,1,4,5,4,6,5,7,7,6,243,6,5,13,6,25,11,-0.47390576341173746,0.0274666781806622,-0.6932096483522239,0.4854391968419055,0.050362050355412635,0.5611195533170845,1,2,1,1
3,2,2,3,4,1,2,3,1,2,4,1,1,1,1,1,5,2,5,7,5,7,6,6,473,6,5,12,3,24,11,0.3547330411088128,-0.19174850805368054,-1.3215546796086324,0.26582338907278696,0.050362050355412635,1.0944983646724256,1,3,0,1
4,2,2,3,4,2,2,2,3,1,4,1,1,2,1,2,4,1,2,7,6,5,5,6,523,6,5,7,5,22,11,0.5348719116567585,-1.2878244392253941,-0.90265799210436,-0.17340822646545023,0.050362050355412635,1.0944983646724256,1,3,1,1
4,2,2,3,4,2,1,2,3,2,2,1,1,1,2,1,5,1,7,6,6,6,5,6,681,6,7,13,4,23,13,1.104110742588267,0.0274666781806622,-1.1121063358564962,0.04620758130366836,0.7375603503663616,0.5611195533170845,1,3,1,1
3,1,2,2,4,2,4,3,1,2,4,1,1,1,3,3,6,2,6,5,6,7,7,7,834,7,6,14,7,27,13,1.6553356864649809,0.24668186441500492,-0.4837613046000877,0.9246708123801427,0.7375603503663616,0.02774074196174343,0,3,1,1
